season,head_coach,posteam,plays,games,actual_pass_rate,expected_pass_rate,model_pass_oe,nflverse_expected_pass_rate,nflverse_pass_oe,mean_epa,success_rate,mean_yards_gained,meets_minimum_sample,actual_pass_rate_pct,expected_pass_rate_pct,model_pass_oe_pct,nflverse_pass_oe_pct,success_rate_pct,bootstrap_games,bootstrap_plays,observed_pass_oe,bootstrap_standard_error,ci_95_lower,ci_95_upper,probability_pass_heavy,probability_run_heavy,observed_pass_oe_pct,bootstrap_standard_error_pct,ci_95_lower_pct,ci_95_upper_pct,ci_excludes_zero,tendency_label
2018,Joe Philbin,GB,259,4,0.7606177606177607,0.6785112101490981,0.08210655046866247,0.676370989027861,8.424677158989962,0.03684264100490309,0.43243243243243246,5.173745173745174,false,76.06,67.85,8.21,842.47,43.24,4,259,0.082107,0.016004,0.049168,0.111099,1.0,0.0,8.21,1.6,4.92,11.11,true,pass-heavy
2018,Mike Tomlin,PIT,1038,16,0.6946050096339114,0.6240457955849353,0.07055921404897607,0.608396982508559,8.620802712535237,0.10276162203276286,0.4720616570327553,6.22543352601156,true,69.46,62.4,7.06,862.08,47.21,16,1038,0.070559,0.017587,0.036174,0.103664,1.0,0.0,7.06,1.76,3.62,10.37,true,pass-heavy
2018,Mike McCarthy,GB,757,12,0.6988110964332893,0.6487497687528919,0.050061327680397366,0.6386515529016759,6.0159543531613435,0.05263478783804045,0.4610303830911493,6.038309114927345,true,69.88,64.87,5.01,601.6,46.1,12,757,0.050061,0.009996,0.031405,0.07034,1.0,0.0,5.01,1.0,3.14,7.03,true,pass-heavy
2018,Frank Reich,IND,1159,18,0.6548748921484038,0.6066305309815249,0.04824436116687888,0.6221341818339666,3.2740710314437167,0.06524508921914395,0.4797238999137187,5.947368421052632,true,65.49,60.66,4.82,327.41,47.97,18,1159,0.048244,0.01805,0.01164,0.08271,0.9945,0.0055,4.82,1.8,1.16,8.27,true,pass-heavy
2018,Mike Zimmer,MIN,985,16,0.6700507614213198,0.6282551372561106,0.04179562416520912,0.6436300533053082,2.6420708116011573,-0.06683806936518942,0.433502538071066,5.619289340101523,true,67.01,62.83,4.18,264.21,43.35,16,985,0.041796,0.019786,0.002127,0.078513,0.983,0.017,4.18,1.98,0.21,7.85,true,pass-heavy
2018,Andy Reid,KC,1104,18,0.6503623188405797,0.6100791886238808,0.040283130216698895,0.5668262287154389,8.353609012514083,0.22822944772180176,0.49094202898550726,6.815217391304348,true,65.04,61.01,4.03,835.36,49.09,18,1104,0.040283,0.010101,0.021213,0.06085,1.0,0.0,4.03,1.01,2.12,6.08,true,pass-heavy
2018,Doug Pederson,PHI,1127,18,0.6406388642413487,0.6004930956808276,0.04014576856052103,0.6136604395447945,2.6978424696554204,0.028030342042235885,0.453416149068323,5.68589174800355,true,64.06,60.05,4.01,269.78,45.34,18,1127,0.040146,0.012809,0.013659,0.064849,0.9985,0.0015,4.01,1.28,1.37,6.48,true,pass-heavy
2018,Dirk Koetter,TB,1039,16,0.6948989412897016,0.6604544668063456,0.034444474483356045,0.6456309085724385,4.926803271726304,0.04990837299190905,0.45139557266602504,6.395572666025024,true,69.49,66.05,3.44,492.68,45.14,16,1039,0.034444,0.013777,0.007475,0.063426,0.9945,0.0055,3.44,1.38,0.75,6.34,true,pass-heavy
2018,Dan Quinn,ATL,998,16,0.6763527054108216,0.6460056005240868,0.03034710488673473,0.6326193328357054,4.37333725751163,0.08217101663285481,0.4649298597194389,6.24248496993988,true,67.64,64.6,3.03,437.33,46.49,16,998,0.030347,0.011226,0.008212,0.051753,0.9985,0.0015,3.03,1.12,0.82,5.18,true,pass-heavy
2018,Doug Marrone,JAX,997,16,0.6449348044132397,0.6148807114753415,0.030054092937898225,0.6426168541193248,0.23179502939149632,-0.11460057014426124,0.4082246740220662,4.852557673019057,true,64.49,61.49,3.01,23.18,40.82,16,997,0.030054,0.028317,-0.029605,0.082155,0.858,0.142,3.01,2.83,-2.96,8.22,false,uncertain
2018,Gregg Williams,CLE,448,8,0.6183035714285714,0.5932980562916741,0.02500551513689736,0.597060320691006,2.124325073756544,0.12920479795339465,0.484375,7.049107142857143,false,61.83,59.33,2.5,212.43,48.44,8,448,0.025006,0.024581,-0.019543,0.074359,0.8355,0.1645,2.5,2.46,-1.95,7.44,false,uncertain
2018,Matt Nagy,CHI,1052,17,0.596958174904943,0.575820659948873,0.02113751495606995,0.5867051031465285,1.0253071758414516,0.03823177658291515,0.4543726235741445,5.585551330798479,true,59.7,57.58,2.11,102.53,45.44,17,1052,0.021138,0.01602,-0.009913,0.054088,0.907,0.093,2.11,1.6,-0.99,5.41,false,uncertain
2018,Ron Rivera,CAR,992,16,0.6270161290322581,0.6117457669426223,0.015270362089635779,0.6149914407344055,1.2024688297852633,0.056873440220854554,0.4788306451612903,6.036290322580645,true,62.7,61.17,1.53,120.25,47.88,16,992,0.01527,0.017411,-0.019582,0.047721,0.8145,0.1855,1.53,1.74,-1.96,4.77,false,uncertain
2018,Bill O'Brien,HOU,1089,17,0.6216712580348944,0.6106316426732696,0.011039615361624778,0.6235458371156777,-0.18745790807833027,0.015541189649637376,0.43709825528007346,5.632690541781451,true,62.17,61.06,1.1,-18.75,43.71,17,1089,0.01104,0.014145,-0.01638,0.039848,0.7855,0.2145,1.1,1.41,-1.64,3.98,false,uncertain
2018,Jason Garrett,DAL,1126,18,0.6030195381882771,0.5971997374991762,0.005819800689100927,0.6234100225181394,-2.039048432986224,0.02458263701791642,0.436056838365897,5.5079928952042625,true,60.3,59.72,0.58,-203.9,43.61,18,1126,0.00582,0.010331,-0.013198,0.027312,0.6785,0.3215,0.58,1.03,-1.32,2.73,false,uncertain
2018,Marvin Lewis,CIN,927,16,0.6461704422869471,0.6442108531144913,0.0019595891724558,0.6468905543440304,-0.07201120570832471,0.00008887050572296354,0.4250269687162891,5.370010787486516,true,64.62,64.42,0.2,-7.2,42.5,16,927,0.00196,0.017638,-0.033516,0.03602,0.5455,0.4545,0.2,1.76,-3.35,3.6,false,uncertain
2018,Anthony Lynn,LAC,1056,18,0.6060606060606061,0.6057920205708961,0.0002685854897099901,0.5999612813766086,0.6099324683997441,0.12273368895350655,0.4621212121212121,6.207386363636363,true,60.61,60.58,0.03,60.99,46.21,18,1056,0.000269,0.00813,-0.015072,0.016683,0.51,0.49,0.03,0.81,-1.51,1.67,false,uncertain
2018,Jay Gruden,WAS,954,16,0.6194968553459119,0.6203727747921826,-0.000875919446270608,0.6397158035879615,-2.0218948242049546,-0.07063061553389,0.42348008385744235,5.034591194968553,true,61.95,62.04,-0.09,-202.19,42.35,16,954,-0.000876,0.01395,-0.028651,0.026732,0.449,0.551,-0.09,1.4,-2.87,2.67,false,uncertain
2018,Sean McDermott,BUF,994,16,0.596579476861167,0.6007250209544239,-0.004145544093256954,0.6388784706783697,-4.229899381720264,-0.14151951318664982,0.3782696177062374,4.785714285714286,true,59.66,60.07,-0.41,-422.99,37.83,16,994,-0.004146,0.018644,-0.042088,0.030867,0.428,0.572,-0.41,1.86,-4.21,3.09,false,uncertain
2018,Pat Shurmur,NYG,978,16,0.647239263803681,0.6542837796653387,-0.007044515861657776,0.6583351470712869,-1.1095883267605964,0.01771955245632104,0.3997955010224949,5.831288343558282,true,64.72,65.43,-0.7,-110.96,39.98,16,978,-0.007045,0.012097,-0.032033,0.015197,0.2755,0.7245,-0.7,1.21,-3.2,1.52,false,uncertain
2018,Jon Gruden,LV,974,16,0.6252566735112937,0.6352500144269049,-0.009993340915611314,0.6309191177520725,-0.5662444240778868,-0.0522125433698825,0.4517453798767967,5.530800821355236,true,62.53,63.53,-1.0,-56.62,45.17,16,974,-0.009993,0.010859,-0.030479,0.01232,0.184,0.816,-1.0,1.09,-3.05,1.23,false,uncertain
2018,Hue Jackson,CLE,556,8,0.6420863309352518,0.6526428822096841,-0.010556551274432285,0.6577239129692316,-1.5637582033979807,-0.12128492922055586,0.3723021582733813,4.931654676258993,true,64.21,65.26,-1.06,-156.38,37.23,8,556,-0.010557,0.008161,-0.025322,0.006663,0.1075,0.8925,-1.06,0.82,-2.53,0.67,false,uncertain
2018,Matt Patricia,DET,1009,16,0.622398414271556,0.6333849234749123,-0.010986509203356282,0.6428209160952076,-2.042250182365166,-0.03857258613027601,0.4053518334985134,5.199207135777998,true,62.24,63.34,-1.1,-204.23,40.54,16,1009,-0.010987,0.01277,-0.035381,0.014729,0.1905,0.8095,-1.1,1.28,-3.54,1.47,false,uncertain
2018,Adam Gase,MIA,861,16,0.5993031358885017,0.6136390051819595,-0.014335869293457764,0.6305373136893035,-3.123417780080185,-0.08006871241509816,0.40185830429732866,5.399535423925668,true,59.93,61.36,-1.43,-312.34,40.19,16,861,-0.014336,0.008517,-0.031638,0.001383,0.0345,0.9655,-1.43,0.85,-3.16,0.14,false,uncertain
2018,Vance Joseph,DEN,1000,16,0.631,0.6516163278790508,-0.020616327879050784,0.6556116759777069,-2.461167597770691,-0.004302830867321506,0.437,5.611,true,63.1,65.16,-2.06,-246.12,43.7,16,1000,-0.020616,0.016171,-0.052425,0.011502,0.0945,0.9055,-2.06,1.62,-5.24,1.15,false,uncertain
2018,Steve Wilks,ARI,887,16,0.6279594137542277,0.6487697831522594,-0.02081036939803171,0.6799362499136666,-5.197683615943894,-0.25332617408924946,0.34723788049605414,4.373167981961669,true,62.8,64.88,-2.08,-519.77,34.72,16,887,-0.02081,0.013415,-0.048169,0.003744,0.054,0.946,-2.08,1.34,-4.82,0.37,false,uncertain
2018,Sean McVay,LA,1232,19,0.5941558441558441,0.6158740508702834,-0.02171820671443924,0.5900822527050464,0.40735914507977566,0.12998703792788613,0.49756493506493504,6.383116883116883,true,59.42,61.59,-2.17,40.74,49.76,19,1232,-0.021718,0.017896,-0.056478,0.014032,0.1205,0.8795,-2.17,1.79,-5.65,1.4,false,uncertain
2018,Kyle Shanahan,SF,981,16,0.6034658511722731,0.6290048949067649,-0.025539043734491774,0.6317486030094241,-2.828275183715101,-0.03726305828670483,0.4383282364933741,5.896024464831804,true,60.35,62.9,-2.55,-282.83,43.83,16,981,-0.025539,0.014301,-0.052977,0.004162,0.045,0.955,-2.55,1.43,-5.3,0.42,false,uncertain
2018,Todd Bowles,NYJ,952,16,0.6081932773109243,0.634985859719228,-0.02679258240830368,0.65066350885753,-4.247023154660559,-0.11665007545357942,0.37289915966386555,5.038865546218488,true,60.82,63.5,-2.68,-424.7,37.29,16,952,-0.026793,0.016457,-0.056896,0.007071,0.0535,0.9465,-2.68,1.65,-5.69,0.71,false,uncertain
2018,Sean Payton,NO,1113,18,0.5669362084456424,0.5949780587620164,-0.02804185031637396,0.5766305387897044,-0.9694330344061968,0.13406599377201536,0.48697214734950584,6.114106019766397,true,56.69,59.5,-2.8,-96.94,48.7,18,1113,-0.028042,0.017456,-0.062901,0.004396,0.046,0.954,-2.8,1.75,-6.29,0.44,false,uncertain
2018,Bill Belichick,NE,1286,19,0.5629860031104199,0.6035866744657499,-0.04060067135532996,0.5720072381291104,-0.9021235018690489,0.0937650076466606,0.4712286158631415,6.023328149300156,true,56.3,60.36,-4.06,-90.21,47.12,19,1286,-0.040601,0.01953,-0.080091,-0.001572,0.02,0.98,-4.06,1.95,-8.01,-0.16,true,run-heavy
2018,Mike Vrabel,TEN,927,16,0.5587918015102481,0.6054462223659025,-0.046654420855654355,0.6337753928647233,-7.498359135447518,-0.02156130006998252,0.42718446601941745,5.401294498381877,true,55.88,60.54,-4.67,-749.84,42.72,16,927,-0.046654,0.021425,-0.087123,-0.004134,0.0155,0.9845,-4.67,2.14,-8.71,-0.41,true,run-heavy
2018,John Harbaugh,BAL,1161,17,0.5546942291128337,0.6088443944860632,-0.05415016537322943,0.6215066488841862,-6.681241977135238,0.020494711060246935,0.4496124031007752,5.384151593453919,true,55.47,60.88,-5.42,-668.12,44.96,17,1161,-0.05415,0.026889,-0.109323,-0.001667,0.02,0.98,-5.42,2.69,-10.93,-0.17,true,run-heavy
2018,Pete Carroll,SEA,1036,17,0.5086872586872587,0.6233669102173072,-0.11467965153004848,0.6272787776843979,-11.859151899713922,0.08783769927835038,0.4372586872586873,5.763513513513513,true,50.87,62.34,-11.47,-1185.92,43.73,17,1036,-0.11468,0.012726,-0.136587,-0.086286,0.0,1.0,-11.47,1.27,-13.66,-8.63,true,run-heavy
2019,Brian Flores,MIA,1006,16,0.705765407554672,0.6263677226808483,0.07939768487382372,0.6500624252768386,5.570298227783344,-0.09798859631421707,0.40457256461232605,4.942345924453281,true,70.58,62.64,7.94,557.03,40.46,16,1006,0.079398,0.016389,0.048241,0.111512,1.0,0.0,7.94,1.64,4.82,11.15,true,pass-heavy
2019,Andy Reid,KC,1144,19,0.659965034965035,0.601063111853064,0.05890192311197089,0.5735872158702541,8.637781909478086,0.1618956784280882,0.47115384615384615,6.416958041958042,true,66.0,60.11,5.89,863.78,47.12,19,1144,0.058902,0.008106,0.043044,0.074966,1.0,0.0,5.89,0.81,4.3,7.5,true,pass-heavy
2019,Dan Quinn,ATL,1081,16,0.696577243293247,0.6484211041402381,0.048156139153008926,0.6675513931080548,2.902585018519226,0.0079720978499094,0.4421831637372803,5.630897317298797,true,69.66,64.84,4.82,290.26,44.22,16,1081,0.048156,0.010983,0.02726,0.070684,1.0,0.0,4.82,1.1,2.73,7.07,true,pass-heavy
2019,Sean Payton,NO,1040,17,0.6278846153846154,0.5894619031085234,0.03842271227609195,0.5882656956163164,3.9618919768299046,0.09011530477056166,0.4740384615384615,6.082692307692308,true,62.79,58.95,3.84,396.19,47.4,17,1040,0.038423,0.011364,0.015059,0.059521,1.0,0.0,3.84,1.14,1.51,5.95,true,pass-heavy
2019,Ron Rivera,CAR,1066,16,0.6697936210131332,0.6385494138730935,0.031244207140039715,0.6529291240362133,1.686449697691996,-0.08050052917587604,0.43058161350844276,5.135084427767355,true,66.98,63.85,3.12,168.64,43.06,16,1066,0.031244,0.012282,0.007833,0.055776,0.9955,0.0045,3.12,1.23,0.78,5.58,true,pass-heavy
2019,Matt LaFleur,GB,1108,18,0.6371841155234657,0.6068655521401974,0.03031856338326828,0.6095120777217974,2.767203780166832,0.06893284408416539,0.4395306859205776,5.648014440433213,true,63.72,60.69,3.03,276.72,43.95,18,1108,0.030319,0.012875,0.006139,0.054939,0.9935,0.0065,3.03,1.29,0.61,5.49,true,pass-heavy
2019,Matt Nagy,CHI,1009,16,0.6402378592666006,0.611033297978435,0.02920456128816568,0.6384662185990362,0.17716406675644508,-0.08993300676494191,0.4043607532210109,4.709613478691774,true,64.02,61.1,2.92,17.72,40.44,16,1009,0.029205,0.020707,-0.01096,0.067882,0.915,0.085,2.92,2.07,-1.1,6.79,false,uncertain
2019,Doug Marrone,JAX,1005,16,0.6786069651741293,0.6511628610650201,0.027444104109109222,0.6732774425538914,0.5329522620237882,-0.04165387442556904,0.39601990049751246,5.45273631840796,true,67.86,65.12,2.74,53.3,39.6,16,1005,0.027444,0.017925,-0.005348,0.064446,0.937,0.063,2.74,1.79,-0.53,6.44,false,uncertain
2019,Jay Gruden,WAS,279,5,0.7060931899641577,0.680117022646557,0.02597616731760066,0.6909359333015257,1.5157256662631975,-0.17532688825896167,0.3978494623655914,5.050179211469534,false,70.61,68.01,2.6,151.57,39.78,5,279,0.025976,0.01766,-0.010842,0.056694,0.9125,0.0875,2.6,1.77,-1.08,5.67,false,uncertain
2019,Bill O'Brien,HOU,1141,18,0.6362839614373357,0.6135419470231849,0.02274201441415078,0.6198058598899298,1.6478101547405868,0.0495064231652095,0.44872918492550395,5.77125328659071,true,63.63,61.35,2.27,164.78,44.87,18,1141,0.022742,0.009516,0.004928,0.042071,0.994,0.006,2.27,0.95,0.49,4.21,true,pass-heavy
2019,Bruce Arians,TB,1063,16,0.6660395108184384,0.6441067960981851,0.02193271472025322,0.6391560184828032,2.688349233563509,-0.002068384090969469,0.4336782690498589,6.000940733772342,true,66.6,64.41,2.19,268.83,43.37,16,1063,0.021933,0.014303,-0.004757,0.051985,0.9465,0.0535,2.19,1.43,-0.48,5.2,false,uncertain
2019,Sean McVay,LA,1039,16,0.6381135707410972,0.6201461217653047,0.01796744897579258,0.6163956356468799,2.171793509421725,0.015787481738354814,0.4475457170356112,5.785370548604427,true,63.81,62.01,1.8,217.18,44.75,16,1039,0.017967,0.017998,-0.018032,0.051187,0.8245,0.1755,1.8,1.8,-1.8,5.12,false,uncertain
2019,Pat Shurmur,NYG,1003,16,0.674975074775673,0.6584725398649768,0.016502534910696202,0.6625080337378374,1.2467041037835604,-0.0623020064178601,0.41575274177467597,5.404785643070787,true,67.5,65.85,1.65,124.67,41.58,16,1003,0.016503,0.011701,-0.005496,0.040119,0.926,0.074,1.65,1.17,-0.55,4.01,false,uncertain
2019,Kliff Kingsbury,ARI,982,16,0.6415478615071283,0.6265683221440941,0.014979539363034235,0.6369044643934899,0.4643397113638352,0.014998616612857792,0.42769857433808556,5.584521384928717,true,64.15,62.66,1.5,46.43,42.77,16,982,0.01498,0.021432,-0.025259,0.055934,0.759,0.241,1.5,2.14,-2.53,5.59,false,uncertain
2019,Adam Gase,NYJ,933,16,0.6205787781350482,0.6098579570469078,0.010720821088140426,0.6344661406637644,-1.3887362528716125,-0.15117658908101347,0.36977491961414793,4.682743837084673,true,62.06,60.99,1.07,-138.87,36.98,16,933,0.010721,0.016415,-0.020556,0.044024,0.753,0.247,1.07,1.64,-2.06,4.4,false,uncertain
2019,Vic Fangio,DEN,939,16,0.6017039403620873,0.5925874381382206,0.009116502223866736,0.6260092354104859,-2.4305295048398587,-0.06172234536877373,0.39829605963791265,5.10010649627263,true,60.17,59.26,0.91,-243.05,39.83,16,939,0.009117,0.016266,-0.024006,0.040811,0.7285,0.2715,0.91,1.63,-2.4,4.08,false,uncertain
2019,Bill Belichick,NE,1136,17,0.6047535211267606,0.5994527781090117,0.0053007430177489274,0.6040763256441749,0.06771954825856316,-0.014865764043227803,0.41813380281690143,5.268485915492958,true,60.48,59.95,0.53,6.77,41.81,17,1136,0.005301,0.016012,-0.02808,0.03549,0.634,0.366,0.53,1.6,-2.81,3.55,false,uncertain
2019,Mike Tomlin,PIT,916,16,0.6091703056768559,0.6041665588083035,0.005003746868552439,0.6279989598017983,-1.882865412494241,-0.14806548487452223,0.3737704918032787,4.851528384279476,true,60.92,60.42,0.5,-188.29,37.38,16,916,0.005004,0.023065,-0.039267,0.050699,0.581,0.419,0.5,2.31,-3.93,5.07,false,uncertain
2019,Anthony Lynn,LAC,983,16,0.6449643947100712,0.6439613283033011,0.001003066406770131,0.6519437759265774,-0.6979381216506143,0.03520989449335175,0.4669379450661241,5.987792472024415,true,64.5,64.4,0.1,-69.79,46.69,16,983,0.001003,0.011542,-0.021997,0.023757,0.53,0.47,0.1,1.15,-2.2,2.38,false,uncertain
2019,Matt Patricia,DET,1006,16,0.6332007952286283,0.632459395629596,0.0007413995990322601,0.6558719750338236,-2.2671179805195356,-0.03261911316930891,0.4115308151093439,5.524850894632206,true,63.32,63.25,0.07,-226.71,41.15,16,1006,0.000741,0.013195,-0.023893,0.026872,0.508,0.492,0.07,1.32,-2.39,2.69,false,uncertain
2019,Doug Pederson,PHI,1145,17,0.6209606986899563,0.6210402351111812,-0.00007953642122486828,0.6285717962350387,-0.7611097545082393,-0.0018420649555777342,0.440174672489083,5.298689956331878,true,62.1,62.1,-0.01,-76.11,44.02,17,1145,-0.00008,0.013586,-0.027555,0.024534,0.494,0.506,-0.01,1.36,-2.76,2.45,false,uncertain
2019,Sean McDermott,BUF,1076,17,0.5966542750929368,0.5970726395197248,-0.00041836442678799054,0.6135046584687462,-1.6850383375809428,-0.022354835992697376,0.41821561338289964,5.3224907063197024,true,59.67,59.71,-0.04,-168.5,41.82,17,1076,-0.000418,0.016291,-0.031249,0.033133,0.5,0.5,-0.04,1.63,-3.12,3.31,false,uncertain
2019,Zac Taylor,CIN,1029,16,0.6530612244897959,0.6544238611379554,-0.001362636648159443,0.6652106756183335,-1.21494511285375,-0.10841119458687201,0.3965014577259475,5.030126336248785,true,65.31,65.44,-0.14,-121.49,39.65,16,1029,-0.001363,0.019608,-0.03914,0.037497,0.4975,0.5025,-0.14,1.96,-3.91,3.75,false,uncertain
2019,Jason Garrett,DAL,1057,16,0.6045411542100284,0.6087841426194895,-0.0042429884094612345,0.6284193774736367,-2.387822326360836,0.12169415115674664,0.4900662251655629,6.541154210028382,true,60.45,60.88,-0.42,-238.78,49.01,16,1057,-0.004243,0.014875,-0.033416,0.025635,0.3845,0.6155,-0.42,1.49,-3.34,2.56,false,uncertain
2019,Freddie Kitchens,CLE,963,16,0.6178608515057114,0.6228747796451978,-0.005013928139486466,0.6275649426421799,-0.9704091136468533,-0.03967901381137483,0.40809968847352024,5.670820353063344,true,61.79,62.29,-0.5,-97.04,40.81,16,963,-0.005014,0.012452,-0.028326,0.02064,0.341,0.659,-0.5,1.25,-2.83,2.06,false,uncertain
2019,Pete Carroll,SEA,1137,18,0.6015831134564644,0.6184676782290353,-0.0168845647725709,0.6160830540505542,-1.4499940594089797,0.05410192450414636,0.4573438874230431,5.950747581354442,true,60.16,61.85,-1.69,-145.0,45.73,18,1137,-0.016885,0.01432,-0.045131,0.010482,0.115,0.885,-1.69,1.43,-4.51,1.05,false,uncertain
2019,Frank Reich,IND,996,16,0.5783132530120482,0.6007309424557982,-0.022417689443749948,0.6317531122380949,-5.34398592260468,0.002119982300081042,0.4407630522088353,5.2730923694779115,true,57.83,60.07,-2.24,-534.4,44.08,16,996,-0.022418,0.024069,-0.069751,0.023299,0.1855,0.8145,-2.24,2.41,-6.98,2.33,false,uncertain
2019,Jon Gruden,LV,970,16,0.5773195876288659,0.6048041364280244,-0.027484548799158553,0.6152037774663918,-3.78841898375258,0.06683786664638813,0.4536082474226804,6.0,true,57.73,60.48,-2.75,-378.84,45.36,16,970,-0.027485,0.011466,-0.051479,-0.006183,0.005,0.995,-2.75,1.15,-5.15,-0.62,true,run-heavy
2019,Bill Callahan,WAS,594,11,0.5824915824915825,0.615413957243175,-0.03292237475159259,0.6518111949792815,-6.9319612487699045,-0.11336996828851452,0.3838383838383838,5.0353535353535355,true,58.25,61.54,-3.29,-693.2,38.38,11,594,-0.032922,0.022707,-0.08146,0.009075,0.0635,0.9365,-3.29,2.27,-8.15,0.91,false,uncertain
2019,Mike Vrabel,TEN,1089,19,0.5509641873278237,0.6118148259701428,-0.06085063864231905,0.6218269228493953,-7.086273552157169,0.07444994682035096,0.45454545454545453,6.145087235996327,true,55.1,61.18,-6.09,-708.63,45.45,19,1089,-0.060851,0.013804,-0.090324,-0.03594,0.0,1.0,-6.09,1.38,-9.03,-3.59,true,run-heavy
2019,John Harbaugh,BAL,1121,17,0.512042818911686,0.5729971330722556,-0.06095431416056975,0.5800259194414096,-6.798310052972357,0.1907565733267384,0.47992863514719003,6.293487957181088,true,51.2,57.3,-6.1,-679.83,47.99,17,1121,-0.060954,0.013899,-0.088089,-0.034582,0.0,1.0,-6.1,1.39,-8.81,-3.46,true,run-heavy
2019,Kyle Shanahan,SF,1151,19,0.5108601216333623,0.5763452941222077,-0.06548517248884544,0.5793896328858533,-6.852951125249098,0.08810257051073252,0.45438748913987836,6.198957428323197,true,51.09,57.63,-6.55,-685.3,45.44,19,1151,-0.065485,0.017285,-0.100687,-0.031843,0.0,1.0,-6.55,1.73,-10.07,-3.18,true,run-heavy
2019,Mike Zimmer,MIN,1069,18,0.5350795135640786,0.6026523294448869,-0.06757281588080838,0.6143085354463423,-7.922902188226372,0.041528951948873495,0.4153414405986904,5.780168381665107,true,53.51,60.27,-6.76,-792.29,41.53,18,1069,-0.067573,0.017163,-0.101675,-0.033956,0.0,1.0,-6.76,1.72,-10.17,-3.4,true,run-heavy
2020,Sean McDermott,BUF,1183,19,0.6669484361792054,0.5685767850500835,0.09837165112912193,0.564639444499956,10.230899167924942,0.1543556208969526,0.4978867286559594,6.216398985629755,true,66.69,56.86,9.84,1023.09,49.79,19,1183,0.098372,0.019313,0.059082,0.133448,1.0,0.0,9.84,1.93,5.91,13.34,true,pass-heavy
2020,Romeo Crennel,HOU,704,12,0.7088068181818182,0.6297474487694491,0.07905936941236907,0.6359199652347756,7.2886852947042575,0.1392244212693508,0.4872159090909091,6.6803977272727275,true,70.88,62.97,7.91,728.87,48.72,12,704,0.079059,0.01537,0.050687,0.11241,1.0,0.0,7.91,1.54,5.07,11.24,true,pass-heavy
2020,Mike Tomlin,PIT,1101,17,0.6739327883742052,0.5983984753784019,0.07553431299580338,0.6028019917670376,7.113079660716759,0.027783265546070832,0.44232515894641233,5.3860127157129885,true,67.39,59.84,7.55,711.31,44.23,17,1101,0.075534,0.024234,0.027169,0.123236,0.999,0.001,7.55,2.42,2.72,12.32,true,pass-heavy
2020,Andy Reid,KC,1224,19,0.6764705882352942,0.6260086648466137,0.050461923388680475,0.5744416517543369,10.20289364809572,0.1841851782683934,0.5040849673202614,6.459150326797386,true,67.65,62.6,5.05,1020.29,50.41,19,1224,0.050462,0.017872,0.013728,0.084553,0.9955,0.0045,5.05,1.79,1.37,8.46,true,pass-heavy
2020,Brian Flores,MIA,1002,16,0.6207584830339321,0.579201501420989,0.04155698161294312,0.5919017536350026,2.985473339094552,0.013137914906413766,0.4590818363273453,5.429141716566866,true,62.08,57.92,4.16,298.55,45.91,16,1002,0.041557,0.015404,0.010326,0.069551,0.9935,0.0065,4.16,1.54,1.03,6.96,true,pass-heavy
2020,Bruce Arians,TB,1240,20,0.6403225806451613,0.6018385937604612,0.03848398688470002,0.5894395195037847,5.088306114137653,0.13495709352968258,0.4661290322580645,6.192741935483871,true,64.03,60.18,3.85,508.83,46.61,20,1240,0.038484,0.016453,0.006064,0.072689,0.9905,0.0095,3.85,1.65,0.61,7.27,true,pass-heavy
2020,Pete Carroll,SEA,1056,17,0.6619318181818182,0.6262159208521215,0.035715897329696634,0.6042199013437229,5.865888653506497,0.08086972116690959,0.47632575757575757,5.877840909090909,true,66.19,62.62,3.57,586.59,47.63,17,1056,0.035716,0.012341,0.010383,0.058529,0.998,0.002,3.57,1.23,1.04,5.85,true,pass-heavy
2020,Raheem Morris,ATL,722,11,0.6412742382271468,0.6105913860530757,0.030682852174071032,0.6143382737758747,2.693596445127207,0.022389951835313823,0.425207756232687,5.468144044321329,true,64.13,61.06,3.07,269.36,42.52,11,722,0.030683,0.018041,-0.000767,0.067708,0.97,0.03,3.07,1.8,-0.08,6.77,false,uncertain
2020,Ron Rivera,WAS,1103,17,0.6527651858567544,0.6246911631555131,0.02807402270124125,0.6418794982121786,1.0885687644575686,-0.05472015942077261,0.4134179510426111,4.965548504079782,true,65.28,62.47,2.81,108.86,41.34,17,1103,0.028074,0.012655,0.001838,0.051465,0.9805,0.0195,2.81,1.27,0.18,5.15,true,pass-heavy
2020,Darrell Bevell,DET,291,5,0.6804123711340206,0.6588740670076669,0.021538304126353706,0.6613771023926457,1.9035268741374982,0.07380668110362598,0.4639175257731959,6.140893470790378,false,68.04,65.89,2.15,190.35,46.39,5,291,0.021538,0.014724,0.001328,0.055194,1.0,0.0,2.15,1.47,0.13,5.52,true,pass-heavy
2020,Doug Pederson,PHI,1054,16,0.6736242884250474,0.6560438914958506,0.017580396929196766,0.6669612558191003,0.6663032605947194,-0.08152532230815818,0.4060721062618596,5.084440227703984,true,67.36,65.6,1.76,66.63,40.61,16,1054,0.01758,0.013163,-0.006908,0.043924,0.925,0.075,1.76,1.32,-0.69,4.39,false,uncertain
2020,Matt Nagy,CHI,1079,17,0.6496756255792401,0.6338684638946179,0.01580716168462211,0.6485696103668964,0.11060152123436208,-0.03671926526325756,0.42910101946246526,5.145505097312326,true,64.97,63.39,1.58,11.06,42.91,17,1079,0.015807,0.015561,-0.013373,0.046495,0.8395,0.1605,1.58,1.56,-1.34,4.65,false,uncertain
2020,Zac Taylor,CIN,1026,16,0.631578947368421,0.615917461964057,0.015661485404364097,0.6278944179818732,0.36845293865479223,-0.04436318359270204,0.43664717348927873,4.988304093567251,true,63.16,61.59,1.57,36.85,43.66,16,1026,0.015661,0.023619,-0.032493,0.061058,0.7465,0.2535,1.57,2.36,-3.25,6.11,false,uncertain
2020,Doug Marrone,JAX,991,16,0.6922300706357215,0.6769973129022545,0.015232757733467049,0.6867034013348319,0.5526669300889632,-0.055926794835282095,0.4157416750756811,5.269424823410696,true,69.22,67.7,1.52,55.27,41.57,16,991,0.015233,0.011355,-0.008363,0.03673,0.911,0.089,1.52,1.14,-0.84,3.67,false,uncertain
2020,Matt LaFleur,GB,1100,18,0.5981818181818181,0.586397081142008,0.011784737039810212,0.5668312602032992,3.1350557978518983,0.2261941491709167,0.5136363636363637,6.463636363636364,true,59.82,58.64,1.18,313.51,51.36,18,1100,0.011785,0.014972,-0.01709,0.040959,0.7685,0.2315,1.18,1.5,-1.71,4.1,false,uncertain
2020,Matt Rhule,CAR,977,16,0.6366427840327533,0.6273918166407355,0.009250967392017891,0.6244483744799938,1.21944095527595,0.007176691145903835,0.45138178096212894,5.734902763561924,true,63.66,62.74,0.93,121.94,45.14,16,977,0.009251,0.011475,-0.012253,0.032493,0.8025,0.1975,0.93,1.15,-1.23,3.25,false,uncertain
2020,Bill O'Brien,HOU,221,4,0.7104072398190046,0.7074643378418105,0.0029429019771939732,0.7078303877786813,0.2576852040323197,0.02242664550347285,0.45248868778280543,5.932126696832579,false,71.04,70.75,0.29,25.77,45.25,4,221,0.002943,0.03085,-0.057441,0.070748,0.605,0.395,0.29,3.08,-5.74,7.07,false,uncertain
2020,Joe Judge,NYG,944,16,0.6260593220338984,0.6262195788155512,-0.00016025678165295458,0.6325635598337088,-0.6504237799810529,-0.04426586415231565,0.4163135593220339,5.098516949152542,true,62.61,62.62,-0.02,-65.04,41.63,16,944,-0.00016,0.014849,-0.028732,0.028252,0.4895,0.5105,-0.02,1.48,-2.87,2.83,false,uncertain
2020,Mike McCarthy,DAL,1102,16,0.6406533575317604,0.6511558679033213,-0.01050251037156086,0.6558773207855149,-1.5223963253754453,-0.0340373549416371,0.4573502722323049,5.402903811252268,true,64.07,65.12,-1.05,-152.24,45.74,16,1102,-0.010503,0.017707,-0.045434,0.025733,0.273,0.727,-1.05,1.77,-4.54,2.57,false,uncertain
2020,Anthony Lynn,LAC,1110,16,0.6162162162162163,0.6274298251551429,-0.0112136089389267,0.6323973912594689,-1.6181175043252674,0.03023270910060521,0.43333333333333335,5.515315315315315,true,61.62,62.74,-1.12,-161.81,43.33,16,1110,-0.011214,0.017265,-0.045781,0.022707,0.255,0.745,-1.12,1.73,-4.58,2.27,false,uncertain
2020,Kliff Kingsbury,ARI,1063,16,0.6077140169332079,0.6222448661432085,-0.014530849210000623,0.6190061737254949,-1.1292156792286983,0.0432088846549301,0.45625587958607716,5.8071495766698025,true,60.77,62.22,-1.45,-112.92,45.63,16,1063,-0.014531,0.015075,-0.044896,0.014671,0.165,0.835,-1.45,1.51,-4.49,1.47,false,uncertain
2020,Sean McVay,LA,1187,18,0.5880370682392586,0.6028327878894951,-0.014795719650236492,0.6003781620259283,-1.2341093786669661,-0.01618356821177724,0.44903117101937656,5.583824768323504,true,58.8,60.28,-1.48,-123.41,44.9,18,1187,-0.014796,0.016719,-0.046161,0.019688,0.1935,0.8065,-1.48,1.67,-4.62,1.97,false,uncertain
2020,Adam Gase,NYJ,937,16,0.608324439701174,0.630169044592532,-0.02184460489135799,0.6471610514361614,-3.883661173498745,-0.1412088418281715,0.4023479188900747,4.787620064034152,true,60.83,63.02,-2.18,-388.37,40.23,16,937,-0.021845,0.014308,-0.049881,0.005368,0.062,0.938,-2.18,1.43,-4.99,0.54,false,uncertain
2020,Matt Patricia,DET,685,11,0.637956204379562,0.6606659846666443,-0.022709780287082253,0.6556403661187548,-1.768416173919274,-0.028849301164814798,0.43503649635036495,5.581021897810219,true,63.8,66.07,-2.27,-176.84,43.5,11,685,-0.02271,0.014763,-0.051259,0.006421,0.0645,0.9355,-2.27,1.48,-5.13,0.64,false,uncertain
2020,Jon Gruden,LV,1020,16,0.5901960784313726,0.6165106702563569,-0.026314591824984312,0.6137686497979231,-2.3572571366550585,0.05118905361009317,0.46568627450980393,6.022549019607843,true,59.02,61.65,-2.63,-235.73,46.57,16,1020,-0.026315,0.014884,-0.056439,0.001022,0.031,0.969,-2.63,1.49,-5.64,0.1,false,uncertain
2020,Kevin Stefanski,CLE,1122,18,0.5525846702317291,0.5829572387050319,-0.03037256847330276,0.5815645725401567,-2.897990230842761,0.10029573011782472,0.4625668449197861,5.909982174688057,true,55.26,58.3,-3.04,-289.8,46.26,18,1122,-0.030373,0.019,-0.068774,0.00526,0.0455,0.9545,-3.04,1.9,-6.88,0.53,false,uncertain
2020,Dan Quinn,ATL,342,5,0.6461988304093568,0.6766511628569006,-0.030452332447543924,0.6734483932629663,-2.724956285360961,0.03822645989488125,0.4502923976608187,5.728070175438597,false,64.62,67.67,-3.05,-272.5,45.03,5,342,-0.030452,0.020349,-0.069813,0.010838,0.0785,0.9215,-3.05,2.03,-6.98,1.08,false,uncertain
2020,Sean Payton,NO,1155,18,0.5575757575757576,0.5905468145270125,-0.03297105695125486,0.5910671980124274,-3.3491440436669757,0.06939774003137557,0.4753246753246753,5.819047619047619,true,55.76,59.05,-3.3,-334.91,47.53,18,1155,-0.032971,0.016621,-0.066199,-0.000064,0.0245,0.9755,-3.3,1.66,-6.62,-0.01,true,run-heavy
2020,Vic Fangio,DEN,1009,16,0.6055500495540139,0.6406109484850516,-0.03506089893103773,0.6618587993107536,-5.63087497567398,-0.08541595527751154,0.3904856293359762,5.337958374628345,true,60.56,64.06,-3.51,-563.09,39.05,16,1009,-0.035061,0.019697,-0.077744,0.000809,0.026,0.974,-3.51,1.97,-7.77,0.08,false,uncertain
2020,Kyle Shanahan,SF,1035,16,0.5942028985507246,0.6339371263158593,-0.03973422776513474,0.641172274151718,-4.696937560099334,0.009819920695317008,0.4608695652173913,5.730434782608696,true,59.42,63.39,-3.97,-469.69,46.09,16,1035,-0.039734,0.006118,-0.051779,-0.028473,0.0,1.0,-3.97,0.61,-5.18,-2.85,true,run-heavy
2020,Frank Reich,IND,1082,17,0.5711645101663586,0.6112002707739747,-0.04003576060761606,0.6146264883143872,-4.346197814802861,0.08742920312861588,0.4611829944547135,6.044362292051756,true,57.12,61.12,-4.0,-434.62,46.12,17,1082,-0.040036,0.016266,-0.071843,-0.007589,0.0075,0.9925,-4.0,1.63,-7.18,-0.76,true,run-heavy
2020,Mike Zimmer,MIN,1011,16,0.5628090999010881,0.6251306513800273,-0.0623215514789393,0.6100907805536963,-4.728168065260827,0.09980954994080768,0.49159248269040556,6.231454005934718,true,56.28,62.51,-6.23,-472.82,49.16,16,1011,-0.062322,0.013962,-0.089107,-0.035062,0.0,1.0,-6.23,1.4,-8.91,-3.51,true,run-heavy
2020,Mike Vrabel,TEN,1061,17,0.5240339302544769,0.6232670213686523,-0.09923309111417541,0.6157148937948407,-9.168096354036372,0.16803852592725052,0.49670122525918947,6.196983977379831,true,52.4,62.33,-9.92,-916.81,49.67,17,1061,-0.099233,0.016985,-0.131897,-0.065406,0.0,1.0,-9.92,1.7,-13.19,-6.54,true,run-heavy
2020,Bill Belichick,NE,961,16,0.518210197710718,0.6206045789498607,-0.10239438123914262,0.6365669550031082,-11.835675729239025,0.002768520941749651,0.4630593132154006,5.460978147762747,true,51.82,62.06,-10.24,-1183.57,46.31,16,961,-0.102394,0.020359,-0.143544,-0.062742,0.0,1.0,-10.24,2.04,-14.35,-6.27,true,run-heavy
2020,John Harbaugh,BAL,1105,18,0.5076923076923077,0.6178565868375784,-0.11016427914527067,0.6095656082733657,-10.187330058105795,0.11147197572555913,0.45429864253393665,5.9411764705882355,true,50.77,61.79,-11.02,-1018.73,45.43,18,1105,-0.110164,0.016206,-0.142067,-0.078208,0.0,1.0,-11.02,1.62,-14.21,-7.82,true,run-heavy
2021,Bruce Arians,TB,1259,19,0.6830818109610802,0.6093468437047326,0.0737349672563476,0.6029144650779374,8.016734588314277,0.11885339092983643,0.4868943606036537,6.056393963463066,true,68.31,60.93,7.37,801.67,48.69,19,1259,0.073735,0.013777,0.04583,0.100007,1.0,0.0,7.37,1.38,4.58,10.0,true,pass-heavy
2021,Andy Reid,KC,1314,20,0.6811263318112634,0.6111094062817172,0.07001692552954614,0.5806258057075435,10.126156111133017,0.16467642862536394,0.5167427701674278,6.218417047184171,true,68.11,61.11,7.0,1012.62,51.67,20,1314,0.070017,0.010644,0.049305,0.090713,1.0,0.0,7.0,1.06,4.93,9.07,true,pass-heavy
2021,Jon Gruden,LV,334,5,0.6706586826347305,0.6238620425245409,0.04679664011018958,0.6218689486250549,4.878973400967563,-0.0033509006325907623,0.437125748502994,5.649700598802395,false,67.07,62.39,4.68,487.9,43.71,5,334,0.046797,0.026165,-0.004318,0.097303,0.9515,0.0485,4.68,2.62,-0.43,9.73,false,uncertain
2021,Matt LaFleur,GB,1099,18,0.6169244767970883,0.5759671951383298,0.04095728165875843,0.5785416073951399,3.838286940194836,0.12591663178952314,0.4813466787989081,5.912647861692448,true,61.69,57.6,4.1,383.83,48.13,18,1099,0.040957,0.013521,0.017605,0.069702,1.0,0.0,4.1,1.35,1.76,6.97,true,pass-heavy
2021,Brandon Staley,LAC,1112,17,0.6654676258992805,0.6258988417371508,0.03956878416212968,0.6275558050373475,3.791182086193304,0.0921999595982221,0.4748201438848921,5.97931654676259,true,66.55,62.59,3.96,379.12,47.48,17,1112,0.039569,0.013274,0.013331,0.065506,0.998,0.002,3.96,1.33,1.33,6.55,true,pass-heavy
2021,Brian Flores,MIA,1076,17,0.6356877323420075,0.5978011322213935,0.03788660012061394,0.6130005791471738,2.2687153194833645,-0.04603887442176934,0.4144981412639405,4.860594795539034,true,63.57,59.78,3.79,226.87,41.45,17,1076,0.037887,0.016573,0.006665,0.071013,0.994,0.006,3.79,1.66,0.67,7.1,true,pass-heavy
2021,Sean McDermott,BUF,1231,19,0.6474411047928513,0.6144970045772384,0.03294410021561285,0.606602604123427,4.083850066942427,0.14949383877247713,0.487408610885459,6.030056864337936,true,64.74,61.45,3.29,408.39,48.74,19,1231,0.032944,0.015899,0.00138,0.063447,0.9805,0.0195,3.29,1.59,0.14,6.34,true,pass-heavy
2021,Rich Bisaccia,LV,800,13,0.64375,0.6173481458515563,0.02640185414844366,0.6299853196833283,1.376468031667173,-0.006222147245634999,0.455,5.865,true,64.38,61.73,2.64,137.65,45.5,13,800,0.026402,0.015786,-0.003341,0.05829,0.957,0.043,2.64,1.58,-0.33,5.83,false,uncertain
2021,Robert Saleh,NYJ,1027,17,0.6572541382667965,0.6376607621320299,0.019593376134766534,0.6535271738203353,0.3726964446461189,-0.09249301898182086,0.4157740993184031,5.079844206426485,true,65.73,63.77,1.96,37.27,41.58,17,1027,0.019593,0.017557,-0.014632,0.053114,0.868,0.132,1.96,1.76,-1.46,5.31,false,uncertain
2021,Sean McVay,LA,1302,21,0.6144393241167435,0.5998908228539868,0.0145485012627567,0.5927173416466437,2.2490031625245757,0.06649109353392649,0.45622119815668205,6.037634408602151,true,61.44,59.99,1.45,224.9,45.62,21,1302,0.014549,0.01167,-0.008902,0.036485,0.893,0.107,1.45,1.17,-0.89,3.65,false,uncertain
2021,Zac Taylor,CIN,1278,21,0.6205007824726134,0.6103977861611207,0.010102996311492739,0.6108744907453773,0.9626291727236179,0.04901084527876999,0.43583724569640064,5.849765258215962,true,62.05,61.04,1.01,96.26,43.58,21,1278,0.010103,0.017289,-0.024127,0.044312,0.7155,0.2845,1.01,1.73,-2.41,4.43,false,uncertain
2021,Arthur Smith,ATL,989,17,0.6359959555106168,0.6262095032781124,0.009786452232504322,0.6444134284959705,-0.8417472985353701,-0.0909973589947002,0.40546006066734075,5.223458038422649,true,63.6,62.62,0.98,-84.17,40.55,17,989,0.009786,0.014975,-0.020325,0.038509,0.7495,0.2505,0.98,1.5,-2.03,3.85,false,uncertain
2021,Joe Judge,NYG,1035,17,0.6376811594202898,0.6319746824751931,0.005706476945096767,0.6534534112338859,-1.480606823871677,-0.16170719737169026,0.391304347826087,4.727536231884058,true,63.77,63.2,0.57,-148.06,39.13,17,1035,0.005706,0.021058,-0.03889,0.043363,0.6065,0.3935,0.57,2.11,-3.89,4.34,false,uncertain
2021,Mike Tomlin,PIT,1159,18,0.6479723899913719,0.6428945413059961,0.005077848685375752,0.6595395996706999,-1.1567209679328028,-0.07551370716005304,0.3917169974115617,4.859361518550474,true,64.8,64.29,0.51,-115.67,39.17,18,1159,0.005078,0.012221,-0.018911,0.029259,0.658,0.342,0.51,1.22,-1.89,2.93,false,uncertain
2021,Matt Rhule,CAR,1088,17,0.625,0.6214821247129392,0.0035178752870607894,0.6332615316838629,-0.8261531683862867,-0.1226293654730935,0.4108455882352941,4.679227941176471,true,62.5,62.15,0.35,-82.62,41.08,17,1088,0.003518,0.012596,-0.021418,0.028215,0.604,0.396,0.35,1.26,-2.14,2.82,false,uncertain
2021,Mike McCarthy,DAL,1196,18,0.6287625418060201,0.6258242183772643,0.0029383234287557285,0.6145453425202158,1.4217199285804327,0.08852525319981253,0.4665551839464883,6.048494983277592,true,62.88,62.58,0.29,142.17,46.66,18,1196,0.002938,0.021368,-0.036778,0.047643,0.5575,0.4425,0.29,2.14,-3.68,4.76,false,uncertain
2021,Kliff Kingsbury,ARI,1151,18,0.6081668114682884,0.6063871918179302,0.0017796196503582474,0.6007407979779172,0.7426013490371244,0.07064401803451004,0.46741963509991313,5.695047784535187,true,60.82,60.64,0.18,74.26,46.74,18,1151,0.00178,0.012918,-0.023459,0.027524,0.538,0.462,0.18,1.29,-2.35,2.75,false,uncertain
2021,Darrell Bevell,JAX,241,4,0.6224066390041494,0.6210563906747231,0.001350248329426305,0.6415109677217066,-1.9104328717557226,-0.00961359462028355,0.44398340248962653,5.211618257261411,false,62.24,62.11,0.14,-191.04,44.4,4,241,0.00135,0.019608,-0.035679,0.038282,0.5815,0.4185,0.14,1.96,-3.57,3.83,false,uncertain
2021,Matt Nagy,CHI,1058,17,0.6190926275992439,0.6198272268537972,-0.0007345992545534188,0.6409825619683374,-2.188993436909353,-0.09869995993249929,0.41304347826086957,4.948015122873346,true,61.91,61.98,-0.07,-218.9,41.3,17,1058,-0.000735,0.01718,-0.035051,0.032846,0.4755,0.5245,-0.07,1.72,-3.51,3.28,false,uncertain
2021,David Culley,HOU,1001,17,0.6113886113886113,0.6155682688635338,-0.004179657474922473,0.645767966845444,-3.4379355456832643,-0.13792226760293,0.37362637362637363,4.726273726273726,true,61.14,61.56,-0.42,-343.79,37.36,17,1001,-0.00418,0.01928,-0.043581,0.03204,0.404,0.596,-0.42,1.93,-4.36,3.2,false,uncertain
2021,Urban Meyer,JAX,777,13,0.6628056628056628,0.671907464040156,-0.009101801234493202,0.6844998516497158,-2.169418884405298,-0.1114342394570643,0.43886743886743884,5.075933075933076,true,66.28,67.19,-0.91,-216.94,43.89,13,777,-0.009102,0.017306,-0.042554,0.025065,0.293,0.707,-0.91,1.73,-4.26,2.51,false,uncertain
2021,John Harbaugh,BAL,1166,17,0.6312178387650086,0.6448221340818435,-0.013604295316835012,0.6438136610504412,-1.2595822285432656,0.015976014042807823,0.4665523156089194,5.530017152658662,true,63.12,64.48,-1.36,-125.96,46.66,17,1166,-0.013604,0.017519,-0.050779,0.018459,0.233,0.767,-1.36,1.75,-5.08,1.85,false,uncertain
2021,Pete Carroll,SEA,943,17,0.601272534464475,0.6171295645749314,-0.01585703011045628,0.6212857617055434,-2.001322724106835,0.03502703385721987,0.432661717921527,5.846235418875928,true,60.13,61.71,-1.59,-200.13,43.27,17,943,-0.015857,0.012521,-0.03854,0.009159,0.106,0.894,-1.59,1.25,-3.85,0.92,false,uncertain
2021,Ron Rivera,WAS,1055,17,0.5981042654028436,0.6172453055877821,-0.0191410401849385,0.6298468302458666,-3.0794697544444793,-0.05208159949488002,0.44170616113744077,5.223696682464455,true,59.81,61.72,-1.91,-307.95,44.17,17,1055,-0.019141,0.01581,-0.050698,0.011927,0.107,0.893,-1.91,1.58,-5.07,1.19,false,uncertain
2021,Mike Zimmer,MIN,1067,17,0.6044985941893158,0.6252187372189486,-0.020720143029632713,0.6279250190025082,-2.342642481319236,0.0237481356949938,0.41705716963448924,5.794751640112465,true,60.45,62.52,-2.07,-234.26,41.71,17,1067,-0.02072,0.011679,-0.042818,0.003122,0.0455,0.9545,-2.07,1.17,-4.28,0.31,false,uncertain
2021,Frank Reich,IND,1036,17,0.5588803088803089,0.5880437131221713,-0.02916340424186244,0.6008159284386424,-4.193561955833355,0.05834717099039016,0.444015444015444,5.70945945945946,true,55.89,58.8,-2.92,-419.36,44.4,17,1036,-0.029163,0.019171,-0.065675,0.008101,0.0685,0.9315,-2.92,1.92,-6.57,0.81,false,uncertain
2021,Bill Belichick,NE,1090,18,0.5678899082568807,0.5976954961445552,-0.029805587887674515,0.6187635476606975,-5.0873639403816755,0.07512174303447428,0.47889908256880737,5.817431192660551,true,56.79,59.77,-2.98,-508.74,47.89,18,1090,-0.029806,0.0309,-0.09448,0.027445,0.149,0.851,-2.98,3.09,-9.45,2.74,false,uncertain
2021,Dan Campbell,DET,1048,17,0.607824427480916,0.6397489828521428,-0.03192455537122676,0.6623228801883586,-5.4498452707442615,-0.05767392393383714,0.41889312977099236,5.233778625954199,true,60.78,63.97,-3.19,-544.98,41.89,17,1048,-0.031925,0.018721,-0.072928,-0.000124,0.0245,0.9755,-3.19,1.87,-7.29,-0.01,true,run-heavy
2021,Vic Fangio,DEN,1029,17,0.5850340136054422,0.6210624840443901,-0.036028470438947975,0.6329603510048056,-4.79263373993634,0.015649943958714357,0.44703595724003886,5.465500485908649,true,58.5,62.11,-3.6,-479.26,44.7,17,1029,-0.036028,0.012775,-0.060918,-0.011,0.0025,0.9975,-3.6,1.28,-6.09,-1.1,true,run-heavy
2021,Kevin Stefanski,CLE,1037,17,0.5756991321118612,0.6194096210661764,-0.04371048895431523,0.6245856241052727,-4.888649199341164,0.016591871890993266,0.43876567020250723,5.595949855351977,true,57.57,61.94,-4.37,-488.86,43.88,17,1037,-0.04371,0.014414,-0.071095,-0.014501,0.001,0.999,-4.37,1.44,-7.11,-1.45,true,run-heavy
2021,Sean Payton,NO,1034,17,0.558027079303675,0.6036848098865729,-0.0456577305828978,0.620847430694452,-6.282035139077695,-0.06936579826237983,0.4081237911025145,5.0212765957446805,true,55.8,60.37,-4.57,-628.2,40.81,17,1034,-0.045658,0.015799,-0.075213,-0.014612,0.003,0.997,-4.57,1.58,-7.52,-1.46,true,run-heavy
2021,Nick Sirianni,PHI,1117,18,0.5568487018800358,0.6123242447013197,-0.05547554282128397,0.6165425889677599,-5.96938870877241,0.06884527904048068,0.4646374216651746,5.792300805729633,true,55.68,61.23,-5.55,-596.94,46.46,18,1117,-0.055476,0.021766,-0.095122,-0.011547,0.01,0.99,-5.55,2.18,-9.51,-1.15,true,run-heavy
2021,Kyle Shanahan,SF,1188,20,0.5395622895622896,0.607877787338868,-0.06831549777657835,0.610483356262322,-7.092106670003246,0.0635229944449999,0.44865319865319864,6.087542087542087,true,53.96,60.79,-6.83,-709.21,44.87,20,1188,-0.068315,0.016004,-0.099518,-0.036451,0.0,1.0,-6.83,1.6,-9.95,-3.65,true,run-heavy
2021,Mike Vrabel,TEN,1163,18,0.5391229578675838,0.6192117273416755,-0.08008876947409165,0.618759259251639,-7.963630138405519,0.020876676011138382,0.4453998280309544,5.319862424763542,true,53.91,61.92,-8.01,-796.36,44.54,18,1163,-0.080089,0.011377,-0.101596,-0.056081,0.0,1.0,-8.01,1.14,-10.16,-5.61,true,run-heavy
2022,Andy Reid,KC,1258,20,0.6685214626391097,0.571108419329393,0.09741304330971665,0.5585226413360035,10.999882130310626,0.19012598777977455,0.5047694753577107,6.4467408585055646,true,66.85,57.11,9.74,1099.99,50.48,20,1258,0.097413,0.014856,0.068043,0.12511,1.0,0.0,9.74,1.49,6.8,12.51,true,pass-heavy
2022,Zac Taylor,CIN,1212,19,0.665016501650165,0.5754386498778947,0.08957785177227036,0.5837942680725121,8.122223357765293,0.08062605899697166,0.4768976897689769,5.568481848184819,true,66.5,57.54,8.96,812.22,47.69,19,1212,0.089578,0.017464,0.05653,0.124841,1.0,0.0,8.96,1.75,5.65,12.48,true,pass-heavy
2022,Todd Bowles,TB,1215,18,0.6930041152263374,0.6298898386254782,0.06311427660085922,0.6439695720626003,4.903454316373715,-0.023356809817420447,0.43868312757201644,5.179423868312758,true,69.3,62.99,6.31,490.35,43.87,18,1215,0.063114,0.016461,0.029093,0.092769,1.0,0.0,6.31,1.65,2.91,9.28,true,pass-heavy
2022,Brandon Staley,LAC,1200,18,0.6816666666666666,0.6227693807049873,0.05889728596167932,0.6351784617609034,4.648820490576327,0.012440269227718303,0.43833333333333335,5.3725,true,68.17,62.28,5.89,464.88,43.83,18,1200,0.058897,0.011772,0.03684,0.082694,1.0,0.0,5.89,1.18,3.68,8.27,true,pass-heavy
2022,Sean McDermott,BUF,1143,18,0.657917760279965,0.6032057448685235,0.054712015411441474,0.5969550806901899,6.096267958977508,0.10548842624545719,0.48556430446194226,6.243219597550306,true,65.79,60.32,5.47,609.63,48.56,18,1143,0.054712,0.01524,0.024936,0.084669,1.0,0.0,5.47,1.52,2.49,8.47,true,pass-heavy
2022,Kevin O'Connell,MIN,1164,18,0.6615120274914089,0.6190002416246049,0.042511785866804104,0.6352131572500819,2.6298870241327075,-0.0029488308590066,0.4518900343642612,5.5756013745704465,true,66.15,61.9,4.25,262.99,45.19,18,1164,0.042512,0.010345,0.022886,0.062175,1.0,0.0,4.25,1.03,2.29,6.22,true,pass-heavy
2022,Matt Rhule,CAR,273,5,0.6666666666666666,0.6389291295012044,0.02773753716546235,0.6444148891383693,2.225177752829733,-0.13513794759518963,0.37362637362637363,4.978021978021978,false,66.67,63.89,2.77,222.52,37.36,5,273,0.027738,0.014702,0.004433,0.058627,0.9915,0.0085,2.77,1.47,0.44,5.86,true,pass-heavy
2022,Doug Pederson,JAX,1184,19,0.6233108108108109,0.5969784084799133,0.02633240233089741,0.6183340480909809,0.4976762719829944,0.05633081529346613,0.46959459459459457,5.766047297297297,true,62.33,59.7,2.63,49.77,46.96,19,1184,0.026332,0.010536,0.006078,0.046723,0.9935,0.0065,2.63,1.05,0.61,4.67,true,pass-heavy
2022,Mike McDaniel,MIA,1057,18,0.6499526963103122,0.6248266907107355,0.025126005599576628,0.6249085877111838,2.504410859912831,0.04262299089904608,0.4389782403027436,6.0879848628193,true,65.0,62.48,2.51,250.44,43.9,18,1057,0.025126,0.018514,-0.011312,0.061292,0.9145,0.0855,2.51,1.85,-1.13,6.13,false,uncertain
2022,Pete Carroll,SEA,1092,18,0.6336996336996337,0.6125811937914883,0.021118439908145346,0.618618604899367,1.5081028800266676,0.008720249959423406,0.445970695970696,5.783882783882784,true,63.37,61.26,2.11,150.81,44.6,18,1092,0.021118,0.019445,-0.017483,0.05943,0.867,0.133,2.11,1.94,-1.75,5.94,false,uncertain
2022,Frank Reich,IND,590,9,0.6711864406779661,0.6577693572336226,0.013417083444343466,0.6822680057863058,-1.1081565108339666,-0.15309460873717928,0.4016949152542373,4.810169491525424,true,67.12,65.78,1.34,-110.82,40.17,9,590,0.013417,0.022674,-0.027818,0.059508,0.6835,0.3165,1.34,2.27,-2.78,5.95,false,uncertain
2022,Bill Belichick,NE,978,17,0.6134969325153374,0.6028922103563805,0.01060472215895695,0.6233062081206552,-0.9809275605317761,-0.045333843134641595,0.4100204498977505,5.50920245398773,true,61.35,60.29,1.06,-98.09,41.0,17,978,0.010605,0.016314,-0.021051,0.042304,0.751,0.249,1.06,1.63,-2.11,4.23,false,uncertain
2022,Kliff Kingsbury,ARI,1127,17,0.6619343389529725,0.6522329796915203,0.009701359261452196,0.676148169321118,-1.4213830368145441,-0.07968566870814586,0.4072759538598048,4.8855368234250225,true,66.19,65.22,0.97,-142.14,40.73,17,1127,0.009701,0.011849,-0.013101,0.033987,0.8055,0.1945,0.97,1.18,-1.31,3.4,false,uncertain
2022,Nathaniel Hackett,DEN,937,15,0.6296691568836713,0.6232827549201299,0.0063864019635414045,0.6448176913619391,-1.5148534478267839,-0.11913521515818654,0.3799359658484525,5.077908217716115,true,62.97,62.33,0.64,-151.49,37.99,15,937,0.006386,0.012401,-0.019654,0.030498,0.6835,0.3165,0.64,1.24,-1.97,3.05,false,uncertain
2022,Lovie Smith,HOU,1004,17,0.6344621513944223,0.6300980133413863,0.004364138053036105,0.6575077747057871,-2.3045623311364793,-0.1849633473435908,0.3705179282868526,4.809760956175299,true,63.45,63.01,0.44,-230.46,37.05,17,1004,0.004364,0.017325,-0.032136,0.035813,0.6205,0.3795,0.44,1.73,-3.21,3.58,false,uncertain
2022,Mike Tomlin,PIT,1095,17,0.5835616438356165,0.5856728324194267,-0.0021111885838102523,0.6196121888583925,-3.6050545022776137,0.012813336970867957,0.4502283105022831,5.019178082191781,true,58.36,58.57,-0.21,-360.51,45.02,17,1095,-0.002111,0.013992,-0.029363,0.026273,0.4365,0.5635,-0.21,1.4,-2.94,2.63,false,uncertain
2022,Robert Saleh,NYJ,1063,17,0.6472248353715898,0.6542179198174739,-0.006993084445884081,0.6734551660127777,-2.623033064118782,-0.08749542268809048,0.3894637817497648,5.097836312323612,true,64.72,65.42,-0.7,-262.3,38.95,17,1063,-0.006993,0.011899,-0.030204,0.015242,0.2845,0.7155,-0.7,1.19,-3.02,1.52,false,uncertain
2022,Dan Campbell,DET,1073,17,0.5824790307548928,0.5941171297132426,-0.01163809895834977,0.5989022755063202,-1.6423244751427402,0.07836811573726633,0.45573159366262816,6.04287045666356,true,58.25,59.41,-1.16,-164.23,45.57,17,1073,-0.011638,0.014887,-0.040279,0.018151,0.2065,0.7935,-1.16,1.49,-4.03,1.82,false,uncertain
2022,Nick Sirianni,PHI,1303,20,0.5518035303146585,0.5668345444985349,-0.01503101418387638,0.5784959527803263,-2.669242246566785,0.1330462936573404,0.48580199539524177,5.941673062164236,true,55.18,56.68,-1.5,-266.92,48.58,20,1303,-0.015031,0.018636,-0.052062,0.020006,0.2155,0.7845,-1.5,1.86,-5.21,2.0,false,uncertain
2022,Sean McVay,LA,984,17,0.6209349593495935,0.6392416126460904,-0.018306653296496778,0.6494197507419177,-2.8484791392324174,-0.0852205866507853,0.4115853658536585,4.861788617886178,true,62.09,63.92,-1.83,-284.85,41.16,17,984,-0.018307,0.015377,-0.048663,0.01014,0.1275,0.8725,-1.83,1.54,-4.87,1.01,false,uncertain
2022,Josh McDaniels,LV,1042,17,0.6199616122840691,0.6418367396320198,-0.021875127347950704,0.6542898833308362,-3.432827104676708,0.006837349622587535,0.43378119001919385,5.755278310940499,true,62.0,64.18,-2.19,-343.28,43.38,17,1042,-0.021875,0.014931,-0.052187,0.005897,0.063,0.937,-2.19,1.49,-5.22,0.59,false,uncertain
2022,Matt LaFleur,GB,1030,17,0.587378640776699,0.6106435602333509,-0.023264919456651875,0.6207859757094129,-3.3407334932713835,0.014036204201028496,0.458252427184466,5.594174757281554,true,58.74,61.06,-2.33,-334.07,45.83,17,1030,-0.023265,0.021337,-0.065442,0.017359,0.1335,0.8665,-2.33,2.13,-6.54,1.74,false,uncertain
2022,Jeff Saturday,IND,501,8,0.5768463073852296,0.6032238294925042,-0.026377522107274655,0.6422073856858674,-6.536107830063788,-0.15653685359033576,0.3992015968063872,4.92814371257485,true,57.68,60.32,-2.64,-653.61,39.92,8,501,-0.026378,0.018734,-0.065911,0.006362,0.0705,0.9295,-2.64,1.87,-6.59,0.64,false,uncertain
2022,Brian Daboll,NYG,1187,19,0.5930918281381634,0.6241243247573907,-0.03103249661922721,0.6367453387181299,-4.365351057996645,0.03725213414668327,0.44987363100252736,5.351305812973884,true,59.31,62.41,-3.1,-436.54,44.99,19,1187,-0.031032,0.02136,-0.073591,0.011383,0.0725,0.9275,-3.1,2.14,-7.36,1.14,false,uncertain
2022,Jay Rosburg,DEN,127,2,0.5669291338582677,0.5980541737490547,-0.031125039890787007,0.6195060798502344,-5.257694599196666,0.0016134618882820198,0.4015748031496063,6.125984251968504,false,56.69,59.81,-3.11,-525.77,40.16,2,127,-0.031125,0.019936,-0.060451,-0.004021,0.0,1.0,-3.11,1.99,-6.05,-0.4,true,run-heavy
2022,Kyle Shanahan,SF,1197,20,0.5363408521303258,0.5692054256247324,-0.0328645734944066,0.5851229996316962,-4.8782147501370465,0.08649480339654539,0.45864661654135336,6.027568922305765,true,53.63,56.92,-3.29,-487.82,45.86,20,1197,-0.032865,0.016619,-0.067182,-0.002353,0.0155,0.9845,-3.29,1.66,-6.72,-0.24,true,run-heavy
2022,John Harbaugh,BAL,1090,18,0.5458715596330275,0.5806486483612141,-0.03477708872818651,0.5967572716944808,-5.08857120614533,0.00508424593504008,0.45137614678899085,5.637614678899083,true,54.59,58.06,-3.48,-508.86,45.14,18,1090,-0.034777,0.014884,-0.063875,-0.006809,0.008,0.992,-3.48,1.49,-6.39,-0.68,true,run-heavy
2022,Dennis Allen,NO,997,17,0.563691073219659,0.6003349769335145,-0.03664390371385547,0.6303795687947702,-6.668849557511128,-0.03541052547377947,0.4563691073219659,5.6970912738214645,true,56.37,60.03,-3.66,-666.88,45.64,17,997,-0.036644,0.019725,-0.075646,0.000533,0.027,0.973,-3.66,1.97,-7.56,0.05,false,uncertain
2022,Mike McCarthy,DAL,1224,19,0.5522875816993464,0.594351425243142,-0.04206384354379557,0.6069652080608934,-5.467762636154696,0.03548771152639191,0.45098039215686275,5.519607843137255,true,55.23,59.44,-4.21,-546.78,45.1,19,1224,-0.042064,0.012543,-0.067098,-0.017466,0.0005,0.9995,-4.21,1.25,-6.71,-1.75,true,run-heavy
2022,Ron Rivera,WAS,1125,17,0.5582222222222222,0.6099939242146944,-0.051771701992472205,0.6326552307440175,-7.443300852179528,-0.07260656325829534,0.4053333333333333,4.998222222222222,true,55.82,61.0,-5.18,-744.33,40.53,17,1125,-0.051772,0.019914,-0.089285,-0.010531,0.0065,0.9935,-5.18,1.99,-8.93,-1.05,true,run-heavy
2022,Kevin Stefanski,CLE,1095,17,0.5607305936073059,0.6176899625964668,-0.056959368989160916,0.6361700875454978,-7.543949393819184,0.01771052949696151,0.4410958904109589,5.425570776255708,true,56.07,61.77,-5.7,-754.39,44.11,17,1095,-0.056959,0.016297,-0.088724,-0.02539,0.0005,0.9995,-5.7,1.63,-8.87,-2.54,true,run-heavy
2022,Mike Vrabel,TEN,975,17,0.5415384615384615,0.6248138732300377,-0.08327541169157612,0.6473023604964598,-10.576389895799833,-0.047212128263231234,0.4112820512820513,5.187692307692307,true,54.15,62.48,-8.33,-1057.64,41.13,17,975,-0.083275,0.021709,-0.126303,-0.043169,0.0,1.0,-8.33,2.17,-12.63,-4.32,true,run-heavy
2022,Steve Wilks,CAR,688,12,0.4752906976744186,0.5722518112562921,-0.09696111358187348,0.6013024126850935,-12.601171501067489,0.025070261547049225,0.42296511627906974,5.600290697674419,true,47.53,57.23,-9.7,-1260.12,42.3,12,688,-0.096961,0.027171,-0.148752,-0.041423,0.0,1.0,-9.7,2.72,-14.88,-4.14,true,run-heavy
2022,Arthur Smith,ATL,992,17,0.4899193548387097,0.5981879004720599,-0.10826854563335035,0.6256021035763796,-13.568274873766988,0.010747605648674004,0.45463709677419356,5.467741935483871,true,48.99,59.82,-10.83,-1356.83,45.46,17,992,-0.108269,0.013172,-0.133489,-0.082576,0.0,1.0,-10.83,1.32,-13.35,-8.26,true,run-heavy
2022,Matt Eberflus,CHI,971,17,0.5190525231719877,0.6348060015851,-0.1157534784131124,0.6559247742267948,-13.687225105480726,-0.03639202971618889,0.407826982492276,5.390319258496396,true,51.91,63.48,-11.58,-1368.72,40.78,17,971,-0.115753,0.015167,-0.146476,-0.087492,0.0,1.0,-11.58,1.52,-14.65,-8.75,true,run-heavy
2023,Ron Rivera,WAS,1054,17,0.6973434535104365,0.6109292895517935,0.08641416395864294,0.6406930862330396,5.665036727739692,-0.1038902243367481,0.4098671726755218,5.045540796963947,true,69.73,61.09,8.64,566.5,40.99,17,1054,0.086414,0.015146,0.054468,0.113719,1.0,0.0,8.64,1.51,5.45,11.37,true,pass-heavy
2023,Zac Taylor,CIN,1031,17,0.6731328806983511,0.5995614061094048,0.07357147458894633,0.6169489989586528,5.618388173969826,-0.01118751111201463,0.4393792434529583,5.274490785645005,true,67.31,59.96,7.36,561.84,43.94,17,1031,0.073571,0.016633,0.041066,0.105751,1.0,0.0,7.36,1.66,4.11,10.58,true,pass-heavy
2023,Giff Smith,LAC,206,3,0.6504854368932039,0.5838490832514435,0.06663635364176046,0.6643901935335502,-1.3904756640346305,-0.14826241605287482,0.4029126213592233,4.485436893203883,false,65.05,58.38,6.66,-139.05,40.29,3,206,0.066636,0.062656,-0.046711,0.19819,0.765,0.235,6.66,6.27,-4.67,19.82,false,uncertain
2023,Andy Reid,KC,1317,21,0.6697038724373576,0.6040160090053196,0.06568786343203806,0.6102419081614293,5.946196427592836,0.036117618797892,0.43735763097949887,5.731966590736523,true,66.97,60.4,6.57,594.62,43.74,21,1317,0.065688,0.010852,0.045939,0.087058,1.0,0.0,6.57,1.09,4.59,8.71,true,pass-heavy
2023,Robert Saleh,NYJ,1039,17,0.6669874879692012,0.6026502039787411,0.06433728399046011,0.6748237775403853,-0.7836289571184052,-0.23690617991113422,0.3503368623676612,4.399422521655438,true,66.7,60.27,6.43,-78.36,35.03,17,1039,0.064337,0.019551,0.025752,0.101964,1.0,0.0,6.43,1.96,2.58,10.2,true,pass-heavy
2023,Doug Pederson,JAX,1094,17,0.6453382084095064,0.5974712447279577,0.04786696368154881,0.6175748204720467,2.7763387937459694,-0.06485614908741583,0.42138939670932357,5.293418647166362,true,64.53,59.75,4.79,277.63,42.14,17,1094,0.047867,0.010251,0.027808,0.068034,1.0,0.0,4.79,1.03,2.78,6.8,true,pass-heavy
2023,Kevin O'Connell,MIN,1058,17,0.6691871455576559,0.6233100435080247,0.04587710204963133,0.6452358141066137,2.3951331451042277,-0.03487766547106466,0.42533081285444235,5.597353497164462,true,66.92,62.33,4.59,239.51,42.53,17,1058,0.045877,0.011563,0.024072,0.069493,1.0,0.0,4.59,1.16,2.41,6.95,true,pass-heavy
2023,Mike McCarthy,DAL,1187,18,0.632687447346251,0.5944735398515092,0.03821390749474189,0.6008739908301941,3.1813456516056977,0.10434941938826527,0.4793597304128054,5.76832350463353,true,63.27,59.45,3.82,318.13,47.94,18,1187,0.038214,0.01377,0.013092,0.066413,0.999,0.001,3.82,1.38,1.31,6.64,true,pass-heavy
2023,Brandon Staley,LAC,887,14,0.6538895152198422,0.6211742478072729,0.032715267412569235,0.6403167778468589,1.3572737372983268,-0.05704955693930884,0.41149943630214203,5.285231116121759,true,65.39,62.12,3.27,135.73,41.15,14,887,0.032715,0.019539,-0.002712,0.073008,0.9635,0.0365,3.27,1.95,-0.27,7.3,false,uncertain
2023,Todd Bowles,TB,1152,19,0.6310763888888888,0.5989815526699085,0.03209483621898039,0.6345270009203685,-0.3450612031479573,0.0021393326442074806,0.40625,5.361111111111111,true,63.11,59.9,3.21,-34.51,40.62,19,1152,0.032095,0.017118,-0.003361,0.06452,0.9655,0.0345,3.21,1.71,-0.34,6.45,false,uncertain
2023,Bill Belichick,NE,1013,17,0.6179664363277394,0.591490507028442,0.026475929299297415,0.6533435689688082,-3.5377132641068805,-0.1836312193958998,0.3899308983218164,4.642645607107601,true,61.8,59.15,2.65,-353.77,38.99,17,1013,0.026476,0.019951,-0.010245,0.068639,0.9205,0.0795,2.65,2.0,-1.02,6.86,false,uncertain
2023,John Harbaugh,BAL,1181,19,0.5783234546994073,0.5523399592222308,0.02598349547717656,0.5776755565447791,0.06478981546281658,0.07287901219199396,0.4707874682472481,5.925486875529213,true,57.83,55.23,2.6,6.48,47.08,19,1181,0.025983,0.015371,-0.001291,0.057651,0.9645,0.0355,2.6,1.54,-0.13,5.77,false,uncertain
2023,Kevin Stefanski,CLE,1237,18,0.603071948261924,0.5800468487187047,0.023025099543219327,0.6335419767966122,-3.0470028534688196,-0.1426712687611914,0.3880355699272433,4.886822958771221,true,60.31,58.0,2.3,-304.7,38.8,18,1237,0.023025,0.017968,-0.013044,0.057329,0.8765,0.1235,2.3,1.8,-1.3,5.73,false,uncertain
2023,Brian Daboll,NYG,1040,17,0.6394230769230769,0.6170909383397442,0.022332138583332786,0.6598130765693405,-2.038999964626363,-0.16129484334468397,0.38076923076923075,4.5836538461538465,true,63.94,61.71,2.23,-203.9,38.08,17,1040,0.022332,0.024419,-0.026282,0.070522,0.8165,0.1835,2.23,2.44,-2.63,7.05,false,uncertain
2023,Matt LaFleur,GB,1146,19,0.6003490401396161,0.5800941603867792,0.020254879752836876,0.5983439531846925,0.20050869549236164,0.08423893958459869,0.450261780104712,5.788830715532286,true,60.03,58.01,2.03,20.05,45.03,19,1146,0.020255,0.011929,-0.004358,0.041918,0.954,0.046,2.03,1.19,-0.44,4.19,false,uncertain
2023,Antonio Pierce,LV,538,9,0.5817843866171004,0.5624954673208179,0.019288919296282542,0.612107715538277,-3.032332892117669,-0.05682652340316223,0.39776951672862454,5.171003717472119,true,58.18,56.25,1.93,-303.23,39.78,9,538,0.019289,0.020358,-0.02057,0.058954,0.838,0.162,1.93,2.04,-2.06,5.9,false,uncertain
2023,Pete Carroll,SEA,979,17,0.6455566905005107,0.6273149276287139,0.018241762871796848,0.6427196745891067,0.3858466371056739,0.022322549879112415,0.43922369765066394,5.6189989785495404,true,64.56,62.73,1.82,38.58,43.92,17,979,0.018242,0.012511,-0.008096,0.040974,0.921,0.079,1.82,1.25,-0.81,4.1,false,uncertain
2023,Josh McDaniels,LV,453,8,0.6423841059602649,0.6283311044510094,0.014053001509255557,0.6515918823070084,-0.9207776346743501,-0.14348777765228235,0.4304635761589404,4.76158940397351,false,64.24,62.83,1.41,-92.08,43.05,8,453,0.014053,0.016123,-0.019408,0.043869,0.8145,0.1855,1.41,1.61,-1.94,4.39,false,uncertain
2023,Dennis Allen,NO,1098,17,0.5947176684881603,0.586016981962779,0.00870068652538135,0.6213196165662918,-2.6601948078131414,-0.01751912854564757,0.41894353369763204,5.2449908925318764,true,59.47,58.6,0.87,-266.02,41.89,17,1098,0.008701,0.01404,-0.021288,0.032991,0.7555,0.2445,0.87,1.4,-2.13,3.3,false,uncertain
2023,Mike McDaniel,MIA,1084,18,0.6042435424354243,0.596071936532686,0.008171605902738396,0.6086365780707215,-0.4393035635297149,0.11305393761307704,0.46863468634686345,6.554428044280443,true,60.42,59.61,0.82,-43.93,46.86,18,1084,0.008172,0.01431,-0.01851,0.036214,0.7075,0.2925,0.82,1.43,-1.85,3.62,false,uncertain
2023,Frank Reich,CAR,718,11,0.6615598885793872,0.6558958200074295,0.005664068571957662,0.6825121462054572,-2.0952257626069954,-0.17085569021541047,0.37186629526462395,4.075208913649025,true,66.16,65.59,0.57,-209.52,37.19,11,718,0.005664,0.019307,-0.030588,0.044295,0.6025,0.3975,0.57,1.93,-3.06,4.43,false,uncertain
2023,Sean McDermott,BUF,1232,19,0.5917207792207793,0.5867379385999211,0.004982840620858186,0.5897472907014966,0.1973488519282697,0.12291160619491875,0.49512987012987014,5.784902597402597,true,59.17,58.67,0.5,19.73,49.51,19,1232,0.004983,0.017736,-0.030803,0.041357,0.626,0.374,0.5,1.77,-3.08,4.14,false,uncertain
2023,DeMeco Ryans,HOU,1157,19,0.6171132238547969,0.614787247548741,0.0023259763060558885,0.6386496210688131,-2.1536397214016216,-0.018146443593218178,0.40535868625756266,5.529818496110631,true,61.71,61.48,0.23,-215.36,40.54,19,1157,0.002326,0.012183,-0.020706,0.026329,0.574,0.426,0.23,1.22,-2.07,2.63,false,uncertain
2023,Sean McVay,LA,1140,18,0.5903508771929824,0.5911869471235099,-0.0008360699305274426,0.6137278672781561,-2.3376990085173595,0.049085468938347095,0.44649122807017544,5.7403508771929825,true,59.04,59.12,-0.08,-233.77,44.65,18,1140,-0.000836,0.01697,-0.033636,0.032638,0.468,0.532,-0.08,1.7,-3.36,3.26,false,uncertain
2023,Mike Tomlin,PIT,1064,18,0.568609022556391,0.5725834085860455,-0.003974386029654635,0.6272026048307973,-5.859358227440625,-0.06847448919248979,0.4201127819548872,5.19172932330827,true,56.86,57.26,-0.4,-585.94,42.01,18,1064,-0.003974,0.018167,-0.037401,0.032782,0.4125,0.5875,-0.4,1.82,-3.74,3.28,false,uncertain
2023,Nick Sirianni,PHI,1154,18,0.598786828422877,0.6085899087450742,-0.009803080322197354,0.6081828809887222,-0.9396052565845294,0.04825421497637736,0.45233968804159447,5.46793760831889,true,59.88,60.86,-0.98,-93.96,45.23,18,1154,-0.009803,0.018669,-0.047004,0.0256,0.302,0.698,-0.98,1.87,-4.7,2.56,false,uncertain
2023,Sean Payton,DEN,992,17,0.6048387096774194,0.6160776268186262,-0.011238917141206896,0.6422182987481656,-3.7379589070746255,-0.050573240523307826,0.4213709677419355,5.134072580645161,true,60.48,61.61,-1.12,-373.8,42.14,17,992,-0.011239,0.010567,-0.032264,0.009574,0.147,0.853,-1.12,1.06,-3.23,0.96,false,uncertain
2023,Shane Steichen,IND,1081,17,0.5948196114708603,0.6061278501553996,-0.011308238684539217,0.6338297268315447,-3.9010115360684354,-0.03548648786364411,0.4070305272895467,5.3098982423681775,true,59.48,60.61,-1.13,-390.1,40.7,17,1081,-0.011308,0.020582,-0.053472,0.028194,0.3265,0.6735,-1.13,2.06,-5.35,2.82,false,uncertain
2023,Kyle Shanahan,SF,1189,20,0.5550883095037847,0.5671542888141378,-0.012065979310353032,0.5727519291829822,-1.766361967919753,0.1678664488150701,0.503784693019344,6.689655172413793,true,55.51,56.72,-1.21,-176.64,50.38,20,1189,-0.012066,0.007314,-0.025533,0.002339,0.058,0.942,-1.21,0.73,-2.55,0.23,false,uncertain
2023,Mike Vrabel,TEN,977,17,0.5885363357215967,0.6042404038941201,-0.015704068172523483,0.638868219696725,-5.0331883975128315,-0.028238433693519985,0.39815762538382804,5.0214943705220065,true,58.85,60.42,-1.57,-503.32,39.82,17,977,-0.015704,0.016032,-0.047996,0.015356,0.164,0.836,-1.57,1.6,-4.8,1.54,false,uncertain
2023,Dan Campbell,DET,1301,20,0.5833973866256725,0.6013389996922812,-0.017941613066608617,0.609746297347509,-2.6348910721836414,0.08511292920243621,0.4704073789392775,6.076863950807072,true,58.34,60.13,-1.79,-263.49,47.04,20,1301,-0.017942,0.020243,-0.05542,0.023802,0.185,0.815,-1.79,2.02,-5.54,2.38,false,uncertain
2023,Matt Eberflus,CHI,1083,17,0.5706371191135734,0.594365950071162,-0.023728830957588647,0.6192654141776147,-4.862829506404127,-0.045857342580381336,0.41920590951061865,5.089566020313943,true,57.06,59.44,-2.37,-486.28,41.92,17,1083,-0.023729,0.013693,-0.051917,0.001919,0.0345,0.9655,-2.37,1.37,-5.19,0.19,false,uncertain
2023,Arthur Smith,ATL,1071,17,0.5592903828197946,0.5926854946299995,-0.033395111810204874,0.6536695295710022,-9.43791467512077,-0.0822798274797903,0.41363211951447243,5.314659197012138,true,55.93,59.27,-3.34,-943.79,41.36,17,1071,-0.033395,0.01675,-0.066601,0.000037,0.0255,0.9745,-3.34,1.68,-6.66,0.0,false,uncertain
2023,Jonathan Gannon,ARI,1053,17,0.597340930674264,0.6320851928991488,-0.03474426222488475,0.6590021550796876,-6.166122440542364,-0.05478515165262748,0.409306742640076,5.240265906932573,true,59.73,63.21,-3.47,-616.61,40.93,17,1053,-0.034744,0.012137,-0.057949,-0.010282,0.0015,0.9985,-3.47,1.21,-5.79,-1.03,true,run-heavy
2023,Chris Tabor,CAR,372,6,0.5564516129032258,0.5968559908689587,-0.04040437796573285,0.675170152458132,-11.871853955490614,-0.1969418629152852,0.3790322580645161,4.266129032258065,false,55.65,59.69,-4.04,-1187.19,37.9,6,372,-0.040404,0.027447,-0.092074,0.014637,0.089,0.911,-4.04,2.74,-9.21,1.46,false,uncertain
2024,Zac Taylor,CIN,1064,17,0.6776315789473685,0.5922273750200584,0.08540420392730999,0.5949525437457837,8.267903520158471,0.0929509289751166,0.47368421052631576,5.852443609022556,true,67.76,59.22,8.54,826.79,47.37,17,1064,0.085404,0.014505,0.055742,0.112118,1.0,0.0,8.54,1.45,5.57,11.21,true,pass-heavy
2024,Andy Reid,KC,1223,20,0.6418642681929682,0.5795298089614408,0.0623344592315273,0.5847500087670489,5.7114259425919265,0.06253700766556801,0.473426001635323,5.290269828291088,true,64.19,57.95,6.23,571.14,47.34,20,1223,0.062334,0.013321,0.035866,0.08805,1.0,0.0,6.23,1.33,3.59,8.8,true,pass-heavy
2024,Robert Saleh,NYJ,314,5,0.6751592356687898,0.6260718869383394,0.049087348730450425,0.649499536794462,2.5659698874327788,-0.07780591179370298,0.4171974522292994,4.570063694267516,false,67.52,62.61,4.91,256.6,41.72,5,314,0.049087,0.021369,0.003081,0.084822,0.981,0.019,4.91,2.14,0.31,8.48,true,pass-heavy
2024,Jeff Ulbrich,NYJ,690,12,0.6565217391304348,0.6098609802402738,0.04666075889016103,0.6327734743933315,2.3748264737103297,0.01641146065055743,0.4289855072463768,5.571014492753624,true,65.65,60.99,4.67,237.48,42.9,12,690,0.046661,0.017309,0.01368,0.080425,0.999,0.001,4.67,1.73,1.37,8.04,true,pass-heavy
2024,Kevin O'Connell,MIN,1095,18,0.6164383561643836,0.5700190397838647,0.04641931638051894,0.5798922007367627,3.6546155427620834,0.005017534503272188,0.45388127853881277,5.653881278538813,true,61.64,57.0,4.64,365.46,45.39,18,1095,0.046419,0.011683,0.023502,0.069131,1.0,0.0,4.64,1.17,2.35,6.91,true,pass-heavy
2024,Mike Macdonald,SEA,1008,17,0.6646825396825397,0.6286281309193359,0.036054408763203885,0.6428370388845602,2.1845500797979414,-0.012915400032237278,0.44246031746031744,5.611111111111111,true,66.47,62.86,3.61,218.46,44.25,17,1008,0.036054,0.016812,0.002521,0.068894,0.98,0.02,3.61,1.68,0.25,6.89,true,pass-heavy
2024,Sean Payton,DEN,1077,18,0.6239554317548747,0.5905012078190168,0.03345422393585782,0.6204029760040696,0.35524557508050897,0.017207843969127955,0.42804085422469823,5.350974930362117,true,62.4,59.05,3.35,35.52,42.8,18,1077,0.033454,0.014368,0.005685,0.06125,0.99,0.01,3.35,1.44,0.57,6.12,true,pass-heavy
2024,Kevin Stefanski,CLE,1110,17,0.6855855855855856,0.6523906005496583,0.03319498503592737,0.6809053581828872,0.4680227402698349,-0.18071254507127588,0.36936936936936937,4.6117117117117115,true,68.56,65.24,3.32,46.8,36.94,17,1110,0.033195,0.013414,0.006477,0.05828,0.993,0.007,3.32,1.34,0.65,5.83,true,pass-heavy
2024,Antonio Pierce,LV,1044,17,0.6704980842911877,0.6416974365525693,0.028800647738618533,0.6767743228973956,-0.62762386062079,-0.12769271503704652,0.407088122605364,4.953065134099617,true,67.05,64.17,2.88,-62.76,40.71,17,1044,0.028801,0.014271,0.000148,0.05745,0.9755,0.0245,2.88,1.43,0.01,5.74,true,pass-heavy
2024,DeMeco Ryans,HOU,1174,19,0.6320272572402045,0.6069532471097213,0.0250740101304831,0.62538299088571,0.6644266354494445,-0.03874346153313876,0.39608177172061326,5.293015332197615,true,63.2,60.7,2.51,66.44,39.61,19,1174,0.025074,0.015717,-0.004077,0.055379,0.9495,0.0505,2.51,1.57,-0.41,5.54,false,uncertain
2024,Jim Harbaugh,LAC,1044,18,0.5938697318007663,0.5828426672421662,0.011027064558600133,0.6065249747072143,-1.2655242906448028,0.012876363721440819,0.4157088122605364,5.562260536398467,true,59.39,58.28,1.1,-126.55,41.57,18,1044,0.011027,0.012045,-0.014462,0.033279,0.831,0.169,1.1,1.2,-1.45,3.33,false,uncertain
2024,Todd Bowles,TB,1118,18,0.6037567084078712,0.5938331936029191,0.009923514804952089,0.6062037496159456,-0.24470412080744297,0.14556214527345526,0.4991055456171735,6.337209302325581,true,60.38,59.38,0.99,-24.47,49.91,18,1118,0.009924,0.017121,-0.020975,0.04576,0.6915,0.3085,0.99,1.71,-2.1,4.58,false,uncertain
2024,Dan Quinn,WAS,1298,20,0.6016949152542372,0.594728111672232,0.00696680358200516,0.59902095704559,0.2673958208647274,0.13342075401394446,0.4776579352850539,5.766563944530046,true,60.17,59.47,0.7,26.74,47.77,20,1298,0.006967,0.013111,-0.020647,0.031214,0.7205,0.2795,0.7,1.31,-2.06,3.12,false,uncertain
2024,Jerod Mayo,NE,1012,17,0.6274703557312253,0.625525061161225,0.0019452945700003802,0.6554238339978097,-2.7953478266584426,-0.0659145171138549,0.424901185770751,4.909090909090909,true,62.75,62.55,0.19,-279.53,42.49,17,1012,0.001945,0.01501,-0.026532,0.032523,0.5335,0.4665,0.19,1.5,-2.65,3.25,false,uncertain
2024,Matt Eberflus,CHI,761,12,0.6504599211563732,0.6494340220941717,0.0010258990622014792,0.6686338833808586,-1.817396222448537,-0.049578576445187934,0.40473061760841,4.731931668856768,true,65.05,64.94,0.1,-181.74,40.47,12,761,0.001026,0.01423,-0.028548,0.02845,0.515,0.485,0.1,1.42,-2.85,2.84,false,uncertain
2024,Mike McCarthy,DAL,1087,17,0.6292548298068077,0.6295402185178588,-0.00028538871105109607,0.6518499160026094,-2.2595086195801746,-0.09981885281203895,0.40846366145354185,5.131554737810488,true,62.93,62.95,-0.03,-225.95,40.85,17,1087,-0.000285,0.012157,-0.023192,0.023826,0.4875,0.5125,-0.03,1.22,-2.32,2.38,false,uncertain
2024,Dave Canales,CAR,984,17,0.6361788617886179,0.6379742898723042,-0.0017954280836863068,0.6583311930980261,-2.215233130940819,-0.052486092077172704,0.4136178861788618,5.158536585365853,true,63.62,63.8,-0.18,-221.52,41.36,17,984,-0.001795,0.013834,-0.028437,0.025488,0.425,0.575,-0.18,1.38,-2.84,2.55,false,uncertain
2024,Mike McDaniel,MIA,1064,17,0.6156015037593985,0.6208242229693671,-0.0052227192099686594,0.6370175299514785,-2.1416026192080033,-0.02367873102647704,0.44642857142857145,5.204887218045113,true,61.56,62.08,-0.52,-214.16,44.64,17,1064,-0.005223,0.026463,-0.058057,0.045008,0.44,0.56,-0.52,2.65,-5.81,4.5,false,uncertain
2024,Jonathan Gannon,ARI,1022,17,0.5998043052837574,0.6071652021531754,-0.007360896869418092,0.622242380336379,-2.243807505262166,0.08007735451960149,0.474559686888454,5.9696673189823874,true,59.98,60.72,-0.74,-224.38,47.46,17,1022,-0.007361,0.019581,-0.047148,0.03108,0.361,0.639,-0.74,1.96,-4.71,3.11,false,uncertain
2024,Doug Pederson,JAX,981,17,0.6156982670744139,0.6248604109835919,-0.00916214390917804,0.6486865198401075,-3.2988252765693673,-0.01416993261149526,0.4148827726809378,5.314984709480123,true,61.57,62.49,-0.92,-329.88,41.49,17,981,-0.009162,0.012975,-0.034807,0.015624,0.2415,0.7585,-0.92,1.3,-3.48,1.56,false,uncertain
2024,Brian Daboll,NYG,1043,17,0.6356663470757431,0.6448482890736584,-0.009181941997915354,0.6702117645221897,-3.454541744644667,-0.10324053767951884,0.4074784276126558,4.819750719079578,true,63.57,64.48,-0.92,-345.45,40.75,17,1043,-0.009182,0.015498,-0.038433,0.021274,0.268,0.732,-0.92,1.55,-3.84,2.13,false,uncertain
2024,Darren Rizzi,NO,458,8,0.6331877729257642,0.6475345477898595,-0.014346774864095297,0.6681677581148637,-3.49799851890995,-0.06071754904129194,0.39737991266375544,5.377729257641922,false,63.32,64.75,-1.43,-349.8,39.74,8,458,-0.014347,0.020193,-0.05429,0.022258,0.264,0.736,-1.43,2.02,-5.43,2.23,false,uncertain
2024,Kyle Shanahan,SF,1010,17,0.6049504950495049,0.6198264628512895,-0.014875967801784639,0.6258965202450457,-2.0946025195540767,0.0727083576363438,0.4623762376237624,6.341584158415841,true,60.5,61.98,-1.49,-209.46,46.24,17,1010,-0.014876,0.01511,-0.045371,0.012828,0.168,0.832,-1.49,1.51,-4.54,1.28,false,uncertain
2024,Sean McVay,LA,1140,19,0.5894736842105263,0.6067642359529708,-0.01729055174244442,0.6187112816364357,-2.923759742590942,0.017361445995640188,0.4675438596491228,5.566666666666666,true,58.95,60.68,-1.73,-292.38,46.75,19,1140,-0.017291,0.015792,-0.049576,0.012196,0.128,0.872,-1.73,1.58,-4.96,1.22,false,uncertain
2024,Thomas Brown,CHI,285,5,0.6491228070175439,0.6739932947441135,-0.024870487726569582,0.6843352496101145,-3.5212442592570654,-0.11612486023923399,0.3894736842105263,4.32280701754386,false,64.91,67.4,-2.49,-352.12,38.95,5,285,-0.02487,0.020943,-0.058208,0.023613,0.141,0.859,-2.49,2.09,-5.82,2.36,false,uncertain
2024,Brian Callahan,TEN,1017,17,0.6017699115044248,0.6317062666894804,-0.029936355185055566,0.6666736046443881,-6.490369313996333,-0.09601444844994021,0.400196656833825,5.08062930186824,true,60.18,63.17,-2.99,-649.04,40.02,17,1017,-0.029936,0.018337,-0.065481,0.007387,0.061,0.939,-2.99,1.83,-6.55,0.74,false,uncertain
2024,Sean McDermott,BUF,1196,20,0.560200668896321,0.5903694866397812,-0.030168817743460127,0.5897061358514338,-2.950546695511277,0.1944150403828126,0.479933110367893,6.059364548494983,true,56.02,59.04,-3.02,-295.05,47.99,20,1196,-0.030169,0.016792,-0.062986,0.003212,0.038,0.962,-3.02,1.68,-6.3,0.32,false,uncertain
2024,Mike Tomlin,PIT,1102,18,0.5626134301270418,0.5944261624128305,-0.031812732285788764,0.6147926897773969,-5.217925965035513,-0.015110616044911393,0.40653357531760437,5.192377495462795,true,56.26,59.44,-3.18,-521.79,40.65,18,1102,-0.031813,0.014772,-0.058517,-0.00084,0.024,0.976,-3.18,1.48,-5.85,-0.08,true,run-heavy
2024,Dennis Allen,NO,562,9,0.5765124555160143,0.6116892881999464,-0.03517683268393217,0.6418364456725503,-6.5323990156536,-0.04616956901255055,0.41637010676156583,5.316725978647687,true,57.65,61.17,-3.52,-653.24,41.64,9,562,-0.035177,0.030669,-0.100632,0.018936,0.1215,0.8785,-3.52,3.07,-10.06,1.89,false,uncertain
2024,Dan Campbell,DET,1162,18,0.5499139414802066,0.5925963998148873,-0.042682458334680734,0.5850705849375454,-3.5156643457338856,0.16471646141135807,0.5051635111876076,6.4561101549053355,true,54.99,59.26,-4.27,-351.57,50.52,18,1162,-0.042682,0.013782,-0.069726,-0.015158,0.0,1.0,-4.27,1.38,-6.97,-1.52,true,run-heavy
2024,Shane Steichen,IND,1025,17,0.5531707317073171,0.6121589436545584,-0.058988211947241284,0.6365388552244844,-8.336812351716727,-0.041120971263349154,0.40487804878048783,5.564878048780487,true,55.32,61.22,-5.9,-833.68,40.49,17,1025,-0.058988,0.01805,-0.092455,-0.023625,0.0,1.0,-5.9,1.8,-9.25,-2.36,true,run-heavy
2024,Raheem Morris,ATL,1061,17,0.5598491988689915,0.6211407006677698,-0.061291501798778285,0.6374663100538391,-7.761711118484757,0.04800524241940324,0.48444863336475025,5.942507068803016,true,55.98,62.11,-6.13,-776.17,48.44,17,1061,-0.061292,0.016707,-0.091383,-0.027598,0.001,0.999,-6.13,1.67,-9.14,-2.76,true,run-heavy
2024,Nick Sirianni,PHI,1330,21,0.48796992481203005,0.5614517439688366,-0.0734818191568065,0.5765281000125565,-8.855817520052643,0.126038444901282,0.4496240601503759,5.803007518796992,true,48.8,56.15,-7.35,-885.58,44.96,21,1330,-0.073482,0.015623,-0.10286,-0.042108,0.0,1.0,-7.35,1.56,-10.29,-4.21,true,run-heavy
2024,Matt LaFleur,GB,1071,18,0.5191409897292251,0.5957815223724983,-0.07664053264327324,0.6013671978351588,-8.222620810593376,0.07428532833858022,0.45098039215686275,6.178338001867414,true,51.91,59.58,-7.66,-822.26,45.1,18,1071,-0.076641,0.018621,-0.116597,-0.043245,0.0,1.0,-7.66,1.86,-11.66,-4.32,true,run-heavy
2024,John Harbaugh,BAL,1157,19,0.5159896283491789,0.6014793141379294,-0.08548968578875056,0.5958437565037966,-7.985412815461771,0.2388726340501962,0.5056179775280899,6.996542783059637,true,51.6,60.15,-8.55,-798.54,50.56,19,1157,-0.08549,0.01439,-0.11331,-0.057699,0.0,1.0,-8.55,1.44,-11.33,-5.77,true,run-heavy
2025,Jonathan Gannon,ARI,1068,17,0.697565543071161,0.6428858042906389,0.054679738780522055,0.6563221946261014,4.124334844505966,-0.011923025455760438,0.43164794007490637,5.188202247191011,true,69.76,64.29,5.47,412.43,43.16,17,1068,0.05468,0.011728,0.029141,0.075212,1.0,0.0,5.47,1.17,2.91,7.52,true,pass-heavy
2025,Andy Reid,KC,1045,17,0.6564593301435406,0.6090071001287146,0.04745223001482597,0.6179076537275999,3.9508614214983853,0.03387396197725033,0.44401913875598087,5.228708133971292,true,65.65,60.9,4.75,395.09,44.4,17,1045,0.047452,0.016907,0.014785,0.080724,0.9985,0.0015,4.75,1.69,1.48,8.07,true,pass-heavy
2025,Sean Payton,DEN,1197,19,0.6324143692564745,0.598549253492014,0.03386511576446042,0.6154139289630883,1.7000440293386168,0.02957883876686201,0.4327485380116959,5.3274853801169595,true,63.24,59.85,3.39,170.0,43.27,19,1197,0.033865,0.011882,0.010609,0.057143,0.997,0.003,3.39,1.19,1.06,5.71,true,pass-heavy
2025,Sean McVay,LA,1257,20,0.5966587112171837,0.5700388001620892,0.02661991105509451,0.5703897298037318,2.6268981413451944,0.15224388326994187,0.5083532219570406,6.342879872712809,true,59.67,57.0,2.66,262.69,50.84,20,1257,0.02662,0.013214,0.002456,0.053697,0.9845,0.0155,2.66,1.32,0.25,5.37,true,pass-heavy
2025,Mike Vrabel,NE,1261,21,0.6090404440919904,0.5835811436798853,0.025459300412105187,0.5879873162331939,2.1053127858796636,0.0944703860611045,0.4623314829500397,6.072957969865186,true,60.9,58.36,2.55,210.53,46.23,21,1261,0.025459,0.01432,-0.005544,0.052149,0.957,0.043,2.55,1.43,-0.55,5.21,false,uncertain
2025,DeMeco Ryans,HOU,1206,19,0.6053067993366501,0.5801021812193887,0.02520461811726133,0.613067621417702,-0.6931634684700277,-0.025302939977622726,0.41376451077943616,5.154228855721393,true,60.53,58.01,2.52,-69.32,41.38,19,1206,0.025205,0.011605,0.002637,0.048012,0.9885,0.0115,2.52,1.16,0.26,4.8,true,pass-heavy
2025,Zac Taylor,CIN,1044,17,0.6580459770114943,0.6354628629833489,0.02258311402814544,0.6408926903687674,1.715328664272681,-0.007790194136622653,0.4549808429118774,5.3773946360153255,true,65.8,63.55,2.26,171.53,45.5,17,1044,0.022583,0.013266,-0.005333,0.047274,0.949,0.051,2.26,1.33,-0.53,4.73,false,uncertain
2025,Liam Coen,JAX,1123,18,0.6028495102404274,0.5816508176803457,0.021198692560081795,0.5860822236037689,1.6767286636658472,0.03317466188215878,0.44879786286731965,5.441674087266251,true,60.28,58.17,2.12,167.67,44.88,18,1123,0.021199,0.011707,-0.001182,0.04437,0.966,0.034,2.12,1.17,-0.12,4.44,false,uncertain
2025,Jim Harbaugh,LAC,1136,18,0.6382042253521126,0.6186229313572807,0.01958129399483199,0.6295156376141215,0.8688587737991147,-0.028530157760483045,0.43133802816901406,5.190140845070423,true,63.82,61.86,1.96,86.89,43.13,18,1136,0.019581,0.015926,-0.013844,0.048804,0.8875,0.1125,1.96,1.59,-1.38,4.88,false,uncertain
2025,Shane Steichen,IND,999,17,0.5995995995995996,0.5836400530703291,0.01595954652927058,0.6061805932520626,-0.6580993652463079,0.08313666511937406,0.46646646646646645,5.891891891891892,true,59.96,58.36,1.6,-65.81,46.65,17,999,0.01596,0.014956,-0.011773,0.046982,0.8685,0.1315,1.6,1.5,-1.18,4.7,false,uncertain
2025,Kevin O'Connell,MIN,934,17,0.6113490364025695,0.5957346883141342,0.015614348088435353,0.6204754283504134,-0.9126391947843788,-0.10461317201191125,0.4282655246252677,5.0214132762312635,true,61.13,59.57,1.56,-91.26,42.83,17,934,0.015614,0.013629,-0.012138,0.041142,0.869,0.131,1.56,1.36,-1.21,4.11,false,uncertain
2025,Pete Carroll,LV,937,17,0.6382070437566703,0.6242532930195505,0.013953750737119764,0.6546204064156673,-1.6413362658997102,-0.20911404531719116,0.3767342582710779,4.454642475987193,true,63.82,62.43,1.4,-164.13,37.67,17,937,0.013954,0.021374,-0.028327,0.054946,0.7565,0.2435,1.4,2.14,-2.83,5.49,false,uncertain
2025,Mike Tomlin,PIT,1029,18,0.6122448979591837,0.6035528889874506,0.008692008971733084,0.6199112295619311,-0.76663316027474,-0.004233087659481221,0.4314868804664723,5.227405247813411,true,61.22,60.36,0.87,-76.66,43.15,18,1029,0.008692,0.015769,-0.021087,0.040061,0.7285,0.2715,0.87,1.58,-2.11,4.01,false,uncertain
2025,Kevin Stefanski,CLE,1023,17,0.624633431085044,0.6169713778191128,0.007662053265931177,0.661805333764468,-3.7171902679424016,-0.18585162852320714,0.3460410557184751,4.359726295210166,true,62.46,61.7,0.77,-371.72,34.6,17,1023,0.007662,0.010804,-0.012958,0.028882,0.754,0.246,0.77,1.08,-1.3,2.89,false,uncertain
2025,Kyle Shanahan,SF,1175,19,0.5940425531914894,0.5897668827775021,0.004275670413987274,0.601060741607179,-0.7018188415689671,0.06193847070605845,0.4765957446808511,5.611063829787234,true,59.4,58.98,0.43,-70.18,47.66,19,1175,0.004276,0.014546,-0.024356,0.030571,0.611,0.389,0.43,1.45,-2.44,3.06,false,uncertain
2025,Kellen Moore,NO,1060,17,0.6320754716981132,0.6306860566594037,0.00138941503870951,0.6615730748810577,-2.9497603182944485,-0.08013110753655595,0.4207547169811321,5.040566037735849,true,63.21,63.07,0.14,-294.98,42.08,17,1060,0.001389,0.015854,-0.026704,0.034428,0.4985,0.5015,0.14,1.59,-2.67,3.44,false,uncertain
2025,Brian Daboll,NYG,633,10,0.6097946287519748,0.6102614264540994,-0.0004667977021247004,0.6278686621071885,-1.8074033355213832,-0.008507570481340605,0.41706161137440756,5.263823064770932,true,60.98,61.03,-0.05,-180.74,41.71,10,633,-0.000467,0.019457,-0.040018,0.036461,0.4675,0.5325,-0.05,1.95,-4.0,3.65,false,uncertain
2025,Mike McCoy,TEN,646,11,0.6377708978328174,0.6428873058078829,-0.0051164079750656045,0.6772694140961019,-3.949851626328455,-0.1249746917603629,0.37306501547987614,4.676470588235294,true,63.78,64.29,-0.51,-394.99,37.31,11,646,-0.005116,0.018985,-0.041295,0.032524,0.395,0.605,-0.51,1.9,-4.13,3.25,false,uncertain
2025,Brian Schottenheimer,DAL,1097,17,0.6207839562443026,0.6262523477649358,-0.005468391520633138,0.6287256119689593,-0.7941655724656614,0.10294435444951117,0.4667274384685506,6.084776663628077,true,62.08,62.63,-0.55,-79.42,46.67,17,1097,-0.005468,0.011097,-0.028449,0.014845,0.334,0.666,-0.55,1.11,-2.84,1.48,false,uncertain
2025,Brian Callahan,TEN,348,6,0.6724137931034483,0.6845165344893711,-0.012102741385922882,0.7080882101737219,-3.5674417070273696,-0.22207530407879342,0.3764367816091954,4.028735632183908,false,67.24,68.45,-1.21,-356.74,37.64,6,348,-0.012103,0.011681,-0.034333,0.008172,0.157,0.843,-1.21,1.17,-3.43,0.82,false,uncertain
2025,Nick Sirianni,PHI,1062,18,0.5743879472693032,0.5880995690969935,-0.013711621827690283,0.6043628849976621,-2.9974937728358864,0.025178673071539405,0.4322033898305085,5.289077212806026,true,57.44,58.81,-1.37,-299.75,43.22,18,1062,-0.013712,0.020464,-0.052171,0.028159,0.2365,0.7635,-1.37,2.05,-5.22,2.82,false,uncertain
2025,Todd Bowles,TB,1055,17,0.604739336492891,0.6233234467675791,-0.018584110274688075,0.6385017348832994,-3.3762398390408377,-0.0040853642355121265,0.4255924170616114,5.173459715639811,true,60.47,62.33,-1.86,-337.62,42.56,17,1055,-0.018584,0.020399,-0.059281,0.020818,0.1735,0.8265,-1.86,2.04,-5.93,2.08,false,uncertain
2025,Matt LaFleur,GB,1057,18,0.5676442762535477,0.5909494856824425,-0.023305209428894687,0.6016767433154605,-3.4032467061912777,0.13100891822233737,0.47587511825922424,5.763481551561021,true,56.76,59.09,-2.33,-340.32,47.59,18,1057,-0.023305,0.018343,-0.059599,0.012869,0.1045,0.8955,-2.33,1.83,-5.96,1.29,false,uncertain
2025,Dave Canales,CAR,1050,18,0.5961904761904762,0.6256129636811295,-0.0294224874906533,0.6470550726744391,-5.086459648396287,-0.025455222405664158,0.43333333333333335,5.123809523809523,true,59.62,62.56,-2.94,-508.65,43.33,18,1050,-0.029422,0.020691,-0.072125,0.00753,0.072,0.928,-2.94,2.07,-7.21,0.75,false,uncertain
2025,Sean McDermott,BUF,1190,19,0.5621848739495798,0.5919875782787358,-0.02980270432915593,0.590983095558501,-2.8798221608921257,0.1513141556213,0.4899159663865546,6.063025210084033,true,56.22,59.2,-2.98,-287.98,48.99,19,1190,-0.029803,0.013036,-0.0568,-0.004917,0.008,0.992,-2.98,1.3,-5.68,-0.49,true,run-heavy
2025,Ben Johnson,CHI,1241,19,0.5946817082997583,0.6267489118168086,-0.0320672035170503,0.6325578034002151,-3.787609510045682,0.08462639779296266,0.45608380338436744,5.76228847703465,true,59.47,62.67,-3.21,-378.76,45.61,19,1241,-0.032067,0.007971,-0.04749,-0.016679,0.0,1.0,-3.21,0.8,-4.75,-1.67,true,run-heavy
2025,Dan Quinn,WAS,969,17,0.5820433436532507,0.619894719727788,-0.037851376074537216,0.6232439466435904,-4.120060299033966,0.018658748243357854,0.4582043343653251,5.604747162022703,true,58.2,61.99,-3.79,-412.01,45.82,17,969,-0.037851,0.018228,-0.072302,-0.00093,0.022,0.978,-3.79,1.82,-7.23,-0.09,true,run-heavy
2025,Raheem Morris,ATL,1030,17,0.5660194174757281,0.604901978559446,-0.03888256108371784,0.6276064122348879,-6.158699475915976,-0.01703437924123948,0.43786407766990293,5.512621359223301,true,56.6,60.49,-3.89,-615.87,43.79,17,1030,-0.038883,0.013251,-0.065993,-0.013751,0.0005,0.9995,-3.89,1.33,-6.6,-1.38,true,run-heavy
2025,Mike McDaniel,MIA,932,17,0.5686695278969958,0.610678181984176,-0.04200865408718031,0.6220165001820022,-5.3346972285006435,-0.007749519467737668,0.4227467811158798,5.490343347639485,true,56.87,61.07,-4.2,-533.47,42.27,17,932,-0.042009,0.013504,-0.067003,-0.015224,0.0005,0.9995,-4.2,1.35,-6.7,-1.52,true,run-heavy
2025,Mike Macdonald,SEA,1176,20,0.5246598639455783,0.5735998788726994,-0.04894001492712112,0.5882147817181892,-6.355491777261098,0.05469444233256042,0.4608843537414966,5.954931972789115,true,52.47,57.36,-4.89,-635.55,46.09,20,1176,-0.04894,0.012779,-0.075927,-0.025369,0.0,1.0,-4.89,1.28,-7.59,-2.54,true,run-heavy
2025,Dan Campbell,DET,1046,17,0.5965583173996176,0.6474155541318394,-0.05085723673222181,0.6400149191656714,-4.345660176605385,0.09440062642485647,0.4541108986615679,6.075525812619503,true,59.66,64.74,-5.09,-434.57,45.41,17,1046,-0.050857,0.018232,-0.086572,-0.014686,0.0025,0.9975,-5.09,1.82,-8.66,-1.47,true,run-heavy
2025,Aaron Glenn,NYJ,996,17,0.6104417670682731,0.6732680034984518,-0.06282623643017869,0.6953794834686511,-8.493771640037796,-0.128055902581144,0.4046184738955823,4.468875502008032,true,61.04,67.33,-6.28,-849.38,40.46,17,996,-0.062826,0.018817,-0.101126,-0.025983,0.0,1.0,-6.28,1.88,-10.11,-2.6,true,run-heavy
2025,Mike Kafka,NYG,441,7,0.5396825396825397,0.6043736057150054,-0.06469106603246567,0.6258266085501161,-8.614406886757637,0.041243850644493284,0.42403628117913833,5.315192743764173,false,53.97,60.44,-6.47,-861.44,42.4,7,441,-0.064691,0.037398,-0.137547,0.006389,0.037,0.963,-6.47,3.74,-13.75,0.64,false,uncertain
2025,John Harbaugh,BAL,952,17,0.5262605042016807,0.610741040790947,-0.08448053658926633,0.6141816104093113,-8.79211062076306,0.04013824254223761,0.44642857142857145,5.945378151260504,true,52.63,61.07,-8.45,-879.21,44.64,17,952,-0.084481,0.019205,-0.120312,-0.046564,0.0,1.0,-8.45,1.92,-12.03,-4.66,true,run-heavy
