season,season_type,head_coach,posteam,plays,games,actual_pass_rate,expected_pass_rate,model_pass_oe,nflverse_expected_pass_rate,nflverse_pass_oe,mean_epa,success_rate,mean_yards_gained,meets_minimum_sample,actual_pass_rate_pct,expected_pass_rate_pct,model_pass_oe_pct,nflverse_pass_oe_pct,success_rate_pct
2018,POST,Bill O'Brien,HOU,68,1,0.8382352941176471,0.7543936698987596,0.08384162421888755,0.7558520651038956,8.238322901375154,-0.09628922223654467,0.47058823529411764,4.735294117647059,false,83.82,75.44,8.38,823.83,47.06
2018,REG,Joe Philbin,GB,259,4,0.7606177606177607,0.6785112101490981,0.08210655046866247,0.676370989027861,8.424677158989962,0.03684264100490309,0.43243243243243246,5.173745173745174,false,76.06,67.85,8.21,842.47,43.24
2018,REG,Mike Tomlin,PIT,1038,16,0.6946050096339114,0.6240457955849353,0.07055921404897607,0.608396982508559,8.620802712535237,0.10276162203276286,0.4720616570327553,6.22543352601156,true,69.46,62.4,7.06,862.08,47.21
2018,REG,Frank Reich,IND,1042,16,0.6535508637236085,0.6001195747117669,0.05343128901184151,0.6187081871457727,3.484267657783576,0.07654973947023508,0.4836852207293666,5.952015355086372,true,65.36,60.01,5.34,348.43,48.37
2018,REG,Mike McCarthy,GB,757,12,0.6988110964332893,0.6487497687528919,0.050061327680397366,0.6386515529016759,6.0159543531613435,0.05263478783804045,0.4610303830911493,6.038309114927345,true,69.88,64.87,5.01,601.6,46.1
2018,POST,Matt Nagy,CHI,62,1,0.7419354838709677,0.694467025274987,0.047468458595980784,0.7183319383090542,2.360354556191352,0.04478105716314774,0.4032258064516129,5.741935483870968,false,74.19,69.45,4.75,236.04,40.32
2018,POST,Doug Pederson,PHI,109,2,0.6605504587155964,0.6184184978267576,0.04213196088883866,0.6303708665414688,3.017959217412756,-0.057504160891478646,0.3944954128440367,5.064220183486238,false,66.06,61.84,4.21,301.8,39.45
2018,REG,Mike Zimmer,MIN,985,16,0.6700507614213198,0.6282551372561106,0.04179562416520912,0.6436300533053082,2.6420708116011573,-0.06683806936518942,0.433502538071066,5.619289340101523,true,67.01,62.83,4.18,264.21,43.35
2018,POST,Andy Reid,KC,124,2,0.6693548387096774,0.6275506236688329,0.04180421504084458,0.5567846144699762,11.257022423970122,0.10629844784254325,0.4274193548387097,5.830645161290323,false,66.94,62.76,4.18,1125.7,42.74
2018,REG,Andy Reid,KC,980,16,0.6479591836734694,0.6078685172508461,0.04009066642262332,0.5680968003138444,7.986238335962502,0.2436574517881569,0.4989795918367347,6.939795918367347,true,64.8,60.79,4.01,798.62,49.9
2018,REG,Doug Pederson,PHI,1018,16,0.6385068762278978,0.5985737746259099,0.039933101601988,0.6118712091492764,2.6635667078621497,0.03718875149191652,0.45972495088408644,5.7524557956777995,true,63.85,59.86,3.99,266.36,45.97
2018,REG,Dirk Koetter,TB,1039,16,0.6948989412897016,0.6604544668063456,0.034444474483356045,0.6456309085724385,4.926803271726304,0.04990837299190905,0.45139557266602504,6.395572666025024,true,69.49,66.05,3.44,492.68,45.14
2018,REG,Dan Quinn,ATL,998,16,0.6763527054108216,0.6460056005240868,0.03034710488673473,0.6326193328357054,4.37333725751163,0.08217101663285481,0.4649298597194389,6.24248496993988,true,67.64,64.6,3.03,437.33,46.49
2018,REG,Doug Marrone,JAX,997,16,0.6449348044132397,0.6148807114753415,0.030054092937898225,0.6426168541193248,0.23179502939149632,-0.11460057014426124,0.4082246740220662,4.852557673019057,true,64.49,61.49,3.01,23.18,40.82
2018,REG,Gregg Williams,CLE,448,8,0.6183035714285714,0.5932980562916741,0.02500551513689736,0.597060320691006,2.124325073756544,0.12920479795339465,0.484375,7.049107142857143,false,61.83,59.33,2.5,212.43,48.44
2018,POST,Anthony Lynn,LAC,128,2,0.6875,0.6676427397496968,0.019857260250303176,0.6544397391262464,3.3060260873753577,-0.028993500777102887,0.390625,4.5234375,false,68.75,66.76,1.99,330.6,39.06
2018,REG,Matt Nagy,CHI,990,16,0.5878787878787879,0.5683902815143084,0.01948850636447957,0.5784618063989764,0.9416981479811548,0.037821619617284426,0.4575757575757576,5.575757575757576,true,58.79,56.84,1.95,94.17,45.76
2018,REG,Ron Rivera,CAR,992,16,0.6270161290322581,0.6117457669426223,0.015270362089635779,0.6149914407344055,1.2024688297852633,0.056873440220854554,0.4788306451612903,6.036290322580645,true,62.7,61.17,1.53,120.25,47.88
2018,REG,Jason Garrett,DAL,1005,16,0.6079601990049751,0.5978597834688555,0.010100415536119707,0.6236021751195044,-1.5641976114529281,0.01971765980051856,0.43781094527363185,5.484577114427861,true,60.8,59.79,1.01,-156.42,43.78
2018,REG,Bill O'Brien,HOU,1021,16,0.6072477962781586,0.6010568945328844,0.006190901745274271,0.6147340609127405,-0.7486264634581902,0.022989248423643624,0.4348677766895201,5.692458374142997,true,60.72,60.11,0.62,-74.86,43.49
2018,POST,Sean Payton,NO,129,2,0.6434108527131783,0.6383114113853002,0.005099441327878046,0.6088462676130986,3.456458510007969,0.034670012274930766,0.4263565891472868,5.5271317829457365,false,64.34,63.83,0.51,345.65,42.64
2018,REG,Marvin Lewis,CIN,927,16,0.6461704422869471,0.6442108531144913,0.0019595891724558,0.6468905543440304,-0.07201120570832471,0.00008887050572296354,0.4250269687162891,5.370010787486516,true,64.62,64.42,0.2,-7.2,42.5
2018,POST,Frank Reich,IND,117,2,0.6666666666666666,0.6646169962215916,0.0020496704450749244,0.6526460319630101,1.4020634703656547,-0.035433932675188975,0.4444444444444444,5.905982905982906,false,66.67,66.46,0.2,140.21,44.44
2018,REG,Jay Gruden,WAS,954,16,0.6194968553459119,0.6203727747921826,-0.000875919446270608,0.6397158035879615,-2.0218948242049546,-0.07063061553389,0.42348008385744235,5.034591194968553,true,61.95,62.04,-0.09,-202.19,42.35
2018,REG,Anthony Lynn,LAC,928,16,0.5948275862068966,0.5972608868910615,-0.002433300684164932,0.5924470113421758,0.2380574864720733,0.1436615771922113,0.47198275862068967,6.439655172413793,true,59.48,59.73,-0.24,23.81,47.2
2018,REG,Sean McDermott,BUF,994,16,0.596579476861167,0.6007250209544239,-0.004145544093256954,0.6388784706783697,-4.229899381720264,-0.14151951318664982,0.3782696177062374,4.785714285714286,true,59.66,60.07,-0.41,-422.99,37.83
2018,REG,Pat Shurmur,NYG,978,16,0.647239263803681,0.6542837796653387,-0.007044515861657776,0.6583351470712869,-1.1095883267605964,0.01771955245632104,0.3997955010224949,5.831288343558282,true,64.72,65.43,-0.7,-110.96,39.98
2018,REG,Jon Gruden,LV,974,16,0.6252566735112937,0.6352500144269049,-0.009993340915611314,0.6309191177520725,-0.5662444240778868,-0.0522125433698825,0.4517453798767967,5.530800821355236,true,62.53,63.53,-1.0,-56.62,45.17
2018,REG,Hue Jackson,CLE,556,8,0.6420863309352518,0.6526428822096841,-0.010556551274432285,0.6577239129692316,-1.5637582033979807,-0.12128492922055586,0.3723021582733813,4.931654676258993,true,64.21,65.26,-1.06,-156.38,37.23
2018,REG,Matt Patricia,DET,1009,16,0.622398414271556,0.6333849234749123,-0.010986509203356282,0.6428209160952076,-2.042250182365166,-0.03857258613027601,0.4053518334985134,5.199207135777998,true,62.24,63.34,-1.1,-204.23,40.54
2018,REG,Sean McVay,LA,1034,16,0.5986460348162476,0.6105122887025248,-0.011866253886277241,0.583415975223153,1.5230059593094503,0.14929970039021032,0.5067698259187621,6.542553191489362,true,59.86,61.05,-1.19,152.3,50.68
2018,REG,Adam Gase,MIA,861,16,0.5993031358885017,0.6136390051819595,-0.014335869293457764,0.6305373136893035,-3.123417780080185,-0.08006871241509816,0.40185830429732866,5.399535423925668,true,59.93,61.36,-1.43,-312.34,40.19
2018,REG,Vance Joseph,DEN,1000,16,0.631,0.6516163278790508,-0.020616327879050784,0.6556116759777069,-2.461167597770691,-0.004302830867321506,0.437,5.611,true,63.1,65.16,-2.06,-246.12,43.7
2018,REG,Steve Wilks,ARI,887,16,0.6279594137542277,0.6487697831522594,-0.02081036939803171,0.6799362499136666,-5.197683615943894,-0.25332617408924946,0.34723788049605414,4.373167981961669,true,62.8,64.88,-2.08,-519.77,34.72
2018,REG,Kyle Shanahan,SF,981,16,0.6034658511722731,0.6290048949067649,-0.025539043734491774,0.6317486030094241,-2.828275183715101,-0.03726305828670483,0.4383282364933741,5.896024464831804,true,60.35,62.9,-2.55,-282.83,43.83
2018,REG,Todd Bowles,NYJ,952,16,0.6081932773109243,0.634985859719228,-0.02679258240830368,0.65066350885753,-4.247023154660559,-0.11665007545357942,0.37289915966386555,5.038865546218488,true,60.82,63.5,-2.68,-424.7,37.29
2018,POST,Jason Garrett,DAL,121,2,0.5619834710743802,0.5917175375030799,-0.029734066428699694,0.6218140443001897,-5.983057322580953,0.06499009241861767,0.4214876033057851,5.702479338842975,false,56.2,59.17,-2.97,-598.31,42.15
2018,REG,Sean Payton,NO,984,16,0.556910569105691,0.5892971619242078,-0.03238659281851675,0.5724071353159057,-1.5496566210214684,0.14709656451706,0.4949186991869919,6.191056910569106,true,55.69,58.93,-3.24,-154.97,49.49
2018,REG,Bill Belichick,NE,1051,16,0.5689819219790676,0.6056422163562769,-0.03666029437720931,0.5727079803997794,-0.37260584207118747,0.0843407838972996,0.47002854424357754,6.0066603235014275,true,56.9,60.56,-3.67,-37.26,47.0
2018,REG,Mike Vrabel,TEN,927,16,0.5587918015102481,0.6054462223659025,-0.046654420855654355,0.6337753928647233,-7.498359135447518,-0.02156130006998252,0.42718446601941745,5.401294498381877,true,55.88,60.54,-4.67,-749.84,42.72
2018,REG,John Harbaugh,BAL,1105,16,0.5484162895927602,0.6008562041446368,-0.052439914551876625,0.6136562208278417,-6.523993123508147,0.03328137241272058,0.45610859728506786,5.449773755656109,true,54.84,60.09,-5.24,-652.4,45.61
2018,POST,Bill Belichick,NE,235,3,0.5361702127659574,0.5943935913723716,-0.05822337860641423,0.5688732801441182,-3.27030673781608,0.13591334450018577,0.4765957446808511,6.097872340425532,false,53.62,59.44,-5.82,-327.03,47.66
2018,POST,Sean McVay,LA,198,3,0.5707070707070707,0.6438743644130226,-0.07316729370595193,0.6248950351104893,-5.418796440341858,0.02913202284685984,0.4494949494949495,5.55050505050505,false,57.07,64.39,-7.32,-541.88,44.95
2018,POST,John Harbaugh,BAL,56,1,0.6785714285714286,0.7664685074731372,-0.08789707890170874,0.7764124167816979,-9.784098821026939,-0.2318135174126706,0.32142857142857145,4.089285714285714,false,67.86,76.65,-8.79,-978.41,32.14
2018,REG,Pete Carroll,SEA,984,16,0.5060975609756098,0.6198236254147067,-0.11372606443909684,0.6219135327529677,-11.581597177735794,0.09484604634720775,0.4420731707317073,5.764227642276423,true,50.61,61.98,-11.37,-1158.16,44.21
2018,POST,Pete Carroll,SEA,52,1,0.5576923076923077,0.6904167610972872,-0.13272445340497946,0.7288057202330003,-17.111341254069256,-0.04478179140925845,0.34615384615384615,5.75,false,55.77,69.04,-13.27,-1711.13,34.62
2019,REG,Brian Flores,MIA,1006,16,0.705765407554672,0.6263677226808483,0.07939768487382372,0.6500624252768386,5.570298227783344,-0.09798859631421707,0.40457256461232605,4.942345924453281,true,70.58,62.64,7.94,557.03,40.46
2019,POST,Andy Reid,KC,187,3,0.7058823529411765,0.6295330399392666,0.07634931300190984,0.5727480349534335,13.31343179877429,0.31052423668641593,0.5240641711229946,6.7272727272727275,false,70.59,62.95,7.63,1331.34,52.41
2019,POST,Pete Carroll,SEA,112,2,0.6875,0.6249703588780112,0.0625296411219888,0.620406196053539,6.709380394646099,0.23681850050769349,0.4642857142857143,6.785714285714286,false,68.75,62.5,6.25,670.94,46.43
2019,REG,Andy Reid,KC,957,16,0.6509926854754441,0.5955000224569095,0.05549266301853454,0.5737511937505524,7.724149172489172,0.1328533164695644,0.4608150470219436,6.35632183908046,true,65.1,59.55,5.55,772.41,46.08
2019,REG,Dan Quinn,ATL,1081,16,0.696577243293247,0.6484211041402381,0.048156139153008926,0.6675513931080548,2.902585018519226,0.0079720978499094,0.4421831637372803,5.630897317298797,true,69.66,64.84,4.82,290.26,44.22
2019,REG,Sean Payton,NO,986,16,0.6237322515212982,0.5838362537064504,0.039895997814847706,0.5837314303805693,4.000082114072891,0.10181294224963314,0.47565922920892495,6.0872210953346855,true,62.37,58.38,3.99,400.01,47.57
2019,REG,Matt LaFleur,GB,995,16,0.6371859296482412,0.6038858255872356,0.03330010406100568,0.6096603615986342,2.7525568049606965,0.04973869223943869,0.43417085427135677,5.581909547738693,true,63.72,60.39,3.33,275.26,43.42
2019,REG,Ron Rivera,CAR,1066,16,0.6697936210131332,0.6385494138730935,0.031244207140039715,0.6529291240362133,1.686449697691996,-0.08050052917587604,0.43058161350844276,5.135084427767355,true,66.98,63.85,3.12,168.64,43.06
2019,REG,Matt Nagy,CHI,1009,16,0.6402378592666006,0.611033297978435,0.02920456128816568,0.6384662185990362,0.17716406675644508,-0.08993300676494191,0.4043607532210109,4.709613478691774,true,64.02,61.1,2.92,17.72,40.44
2019,REG,Doug Marrone,JAX,1005,16,0.6786069651741293,0.6511628610650201,0.027444104109109222,0.6732774425538914,0.5329522620237882,-0.04165387442556904,0.39601990049751246,5.45273631840796,true,67.86,65.12,2.74,53.3,39.6
2019,REG,Jay Gruden,WAS,279,5,0.7060931899641577,0.680117022646557,0.02597616731760066,0.6909359333015257,1.5157256662631975,-0.17532688825896167,0.3978494623655914,5.050179211469534,false,70.61,68.01,2.6,151.57,39.78
2019,POST,Bill O'Brien,HOU,140,2,0.7,0.6769530463868225,0.023046953613177528,0.6640338820538351,3.596611794616495,-0.013655490379853528,0.42142857142857143,5.735714285714286,false,70.0,67.7,2.3,359.66,42.14
2019,REG,Bill O'Brien,HOU,1001,16,0.6273726273726273,0.6046732617975012,0.02269936557512606,0.6136201225243486,1.3752504848278724,0.05834025722745608,0.45254745254745254,5.776223776223776,true,62.74,60.47,2.27,137.53,45.25
2019,REG,Bruce Arians,TB,1063,16,0.6660395108184384,0.6441067960981851,0.02193271472025322,0.6391560184828032,2.688349233563509,-0.002068384090969469,0.4336782690498589,6.000940733772342,true,66.6,64.41,2.19,268.83,43.37
2019,REG,Sean McVay,LA,1039,16,0.6381135707410972,0.6201461217653047,0.01796744897579258,0.6163956356468799,2.171793509421725,0.015787481738354814,0.4475457170356112,5.785370548604427,true,63.81,62.01,1.8,217.18,44.75
2019,REG,Pat Shurmur,NYG,1003,16,0.674975074775673,0.6584725398649768,0.016502534910696202,0.6625080337378374,1.2467041037835604,-0.0623020064178601,0.41575274177467597,5.404785643070787,true,67.5,65.85,1.65,124.67,41.58
2019,REG,Kliff Kingsbury,ARI,982,16,0.6415478615071283,0.6265683221440941,0.014979539363034235,0.6369044643934899,0.4643397113638352,0.014998616612857792,0.42769857433808556,5.584521384928717,true,64.15,62.66,1.5,46.43,42.77
2019,POST,Sean Payton,NO,54,1,0.7037037037037037,0.6921820940426705,0.01152160966103315,0.6710580201060684,3.2645683597635338,-0.12347489068063212,0.4444444444444444,6.0,false,70.37,69.22,1.15,326.46,44.44
2019,REG,Adam Gase,NYJ,933,16,0.6205787781350482,0.6098579570469078,0.010720821088140426,0.6344661406637644,-1.3887362528716125,-0.15117658908101347,0.36977491961414793,4.682743837084673,true,62.06,60.99,1.07,-138.87,36.98
2019,REG,Vic Fangio,DEN,939,16,0.6017039403620873,0.5925874381382206,0.009116502223866736,0.6260092354104859,-2.4305295048398587,-0.06172234536877373,0.39829605963791265,5.10010649627263,true,60.17,59.26,0.91,-243.05,39.83
2019,POST,Bill Belichick,NE,59,1,0.6271186440677966,0.6198244744448195,0.007294169622977073,0.6139245290877455,1.3194114980051073,-0.09847231431270842,0.3898305084745763,5.203389830508475,false,62.71,61.98,0.73,131.94,38.98
2019,REG,Bill Belichick,NE,1077,16,0.6035283194057567,0.5983367798882013,0.00519153951755537,0.6035368233199682,-0.0008503914211453834,-0.010285646618994417,0.41968430826369546,5.272051996285979,true,60.35,59.83,0.52,-0.09,41.97
2019,REG,Mike Tomlin,PIT,916,16,0.6091703056768559,0.6041665588083035,0.005003746868552439,0.6279989598017983,-1.882865412494241,-0.14806548487452223,0.3737704918032787,4.851528384279476,true,60.92,60.42,0.5,-188.29,37.38
2019,REG,Doug Pederson,PHI,1086,16,0.6215469613259669,0.6170222980418942,0.004524663284072607,0.6248314994529686,-0.32845381270016977,0.006064126777751256,0.44567219152854515,5.328729281767956,true,62.15,61.7,0.45,-32.85,44.57
2019,POST,Matt LaFleur,GB,113,2,0.6371681415929203,0.6331029673631804,0.0040651742297399115,0.6082063922576145,2.896174933530588,0.23794329616826324,0.48672566371681414,6.230088495575221,false,63.72,63.31,0.41,289.62,48.67
2019,REG,Anthony Lynn,LAC,983,16,0.6449643947100712,0.6439613283033011,0.001003066406770131,0.6519437759265774,-0.6979381216506143,0.03520989449335175,0.4669379450661241,5.987792472024415,true,64.5,64.4,0.1,-69.79,46.69
2019,REG,Sean McDermott,BUF,997,16,0.5937813440320963,0.593074018425538,0.0007073256065583613,0.6082107744412263,-1.4429430409130026,-0.025667443211249828,0.4172517552657974,5.317953861584754,true,59.38,59.31,0.07,-144.29,41.73
2019,REG,Matt Patricia,DET,1006,16,0.6332007952286283,0.632459395629596,0.0007413995990322601,0.6558719750338236,-2.2671179805195356,-0.03261911316930891,0.4115308151093439,5.524850894632206,true,63.32,63.25,0.07,-226.71,41.15
2019,REG,Zac Taylor,CIN,1029,16,0.6530612244897959,0.6544238611379554,-0.001362636648159443,0.6652106756183335,-1.21494511285375,-0.10841119458687201,0.3965014577259475,5.030126336248785,true,65.31,65.44,-0.14,-121.49,39.65
2019,POST,John Harbaugh,BAL,91,1,0.7692307692307693,0.7713446542295027,-0.002113884998733504,0.7433575758567224,2.587319337404691,-0.13894490553771055,0.4175824175824176,5.824175824175824,false,76.92,77.13,-0.21,258.73,41.76
2019,REG,Jason Garrett,DAL,1057,16,0.6045411542100284,0.6087841426194895,-0.0042429884094612345,0.6284193774736367,-2.387822326360836,0.12169415115674664,0.4900662251655629,6.541154210028382,true,60.45,60.88,-0.42,-238.78,49.01
2019,REG,Freddie Kitchens,CLE,963,16,0.6178608515057114,0.6228747796451978,-0.005013928139486466,0.6275649426421799,-0.9704091136468533,-0.03967901381137483,0.40809968847352024,5.670820353063344,true,61.79,62.29,-0.5,-97.04,40.81
2019,POST,Sean McDermott,BUF,79,1,0.6329113924050633,0.6475362500375008,-0.014624857632437522,0.680314815119852,-4.7403422714788706,0.019451105740173467,0.43037974683544306,5.379746835443038,false,63.29,64.75,-1.46,-474.03,43.04
2019,REG,Frank Reich,IND,996,16,0.5783132530120482,0.6007309424557982,-0.022417689443749948,0.6317531122380949,-5.34398592260468,0.002119982300081042,0.4407630522088353,5.2730923694779115,true,57.83,60.07,-2.24,-534.4,44.08
2019,REG,Pete Carroll,SEA,1025,16,0.5921951219512195,0.6177571414166594,-0.025562019465439862,0.6156106717048622,-2.341554975364266,0.034136796199368526,0.45658536585365855,5.859512195121951,true,59.22,61.78,-2.56,-234.16,45.66
2019,REG,Jon Gruden,LV,970,16,0.5773195876288659,0.6048041364280244,-0.027484548799158553,0.6152037774663918,-3.78841898375258,0.06683786664638813,0.4536082474226804,6.0,true,57.73,60.48,-2.75,-378.84,45.36
2019,REG,Bill Callahan,WAS,594,11,0.5824915824915825,0.615413957243175,-0.03292237475159259,0.6518111949792815,-6.9319612487699045,-0.11336996828851452,0.3838383838383838,5.0353535353535355,true,58.25,61.54,-3.29,-693.2,38.38
2019,POST,Mike Zimmer,MIN,118,2,0.5847457627118644,0.6303036946629432,-0.04555793195107877,0.6391304582357407,-5.438469552387626,-0.16362046029609473,0.3644067796610169,4.322033898305085,false,58.47,63.03,-4.56,-543.85,36.44
2019,REG,Mike Vrabel,TEN,925,16,0.5708108108108109,0.6199226265394545,-0.049111815728643704,0.6313773946000918,-6.056658378928094,0.06386308776413292,0.4572972972972973,6.294054054054054,true,57.08,61.99,-4.91,-605.67,45.73
2019,REG,Kyle Shanahan,SF,984,16,0.532520325203252,0.585326442666022,-0.05280611746276996,0.5870006494243001,-5.448032422104805,0.08225944174309871,0.44613821138211385,6.215447154471545,true,53.25,58.53,-5.28,-544.8,44.61
2019,REG,John Harbaugh,BAL,1030,16,0.4893203883495146,0.5554732258632173,-0.06615283751370285,0.5655956468843285,-7.627525853481397,0.2198855389351509,0.4854368932038835,6.334951456310679,true,48.93,55.55,-6.62,-762.75,48.54
2019,REG,Mike Zimmer,MIN,951,16,0.5289169295478444,0.599221350374718,-0.07030442082687367,0.611228633354703,-8.231170380685858,0.06698387376265504,0.4216614090431125,5.961093585699264,true,52.89,59.92,-7.03,-823.12,42.17
2019,POST,Doug Pederson,PHI,59,1,0.6101694915254238,0.6949975174373785,-0.08482802591195468,0.6974186149694152,-8.724912344399145,-0.14736959414871814,0.3389830508474576,4.745762711864407,false,61.02,69.5,-8.48,-872.49,33.9
2019,POST,Mike Vrabel,TEN,164,3,0.43902439024390244,0.5660848532468904,-0.1270604630029879,0.5679599327921141,-12.893554254821161,0.13416241405816612,0.43902439024390244,5.304878048780488,false,43.9,56.61,-12.71,-1289.36,43.9
2019,POST,Kyle Shanahan,SF,167,3,0.38323353293413176,0.5234264308460806,-0.14019289791194892,0.5345438827431488,-15.1310349809017,0.12253154480625152,0.5029940119760479,6.1017964071856285,false,38.32,52.34,-14.02,-1513.1,50.3
2020,POST,Sean McDermott,BUF,179,3,0.7653631284916201,0.6284136451192036,0.13694948337241653,0.6008600151821888,16.450311330943133,0.03276931155245633,0.46368715083798884,5.5027932960893855,false,76.54,62.84,13.69,1645.03,46.37
2020,POST,Mike Tomlin,PIT,83,1,0.8192771084337349,0.7056567717768536,0.11362033665688141,0.719186360936567,10.009074749716794,0.11377808706219439,0.5421686746987951,6.662650602409639,false,81.93,70.57,11.36,1000.91,54.22
2020,REG,Sean McDermott,BUF,1004,16,0.649402390438247,0.5579086595995133,0.09149373083873374,0.55818179295402,9.122059748422696,0.17603286130797335,0.5039840637450199,6.3436254980079685,true,64.94,55.79,9.15,912.21,50.4
2020,REG,Romeo Crennel,HOU,704,12,0.7088068181818182,0.6297474487694491,0.07905936941236907,0.6359199652347756,7.2886852947042575,0.1392244212693508,0.4872159090909091,6.6803977272727275,true,70.88,62.97,7.91,728.87,48.72
2020,REG,Mike Tomlin,PIT,1018,16,0.6620825147347741,0.5896534472830468,0.07242906745172725,0.5933128929054748,6.876962182929919,0.020771899941121663,0.43418467583497056,5.281925343811395,true,66.21,58.97,7.24,687.7,43.42
2020,POST,Ron Rivera,WAS,69,1,0.7536231884057971,0.6859170855319727,0.06770610287382438,0.686812001293984,6.681118711181309,0.03859007787879842,0.391304347826087,5.434782608695652,false,75.36,68.59,6.77,668.11,39.13
2020,POST,Matt LaFleur,GB,138,2,0.6521739130434783,0.5865633261116412,0.06561058693183709,0.583493984857763,6.867992818571519,0.2152187263916624,0.5507246376811594,6.297101449275362,false,65.22,58.66,6.56,686.8,55.07
2020,POST,Andy Reid,KC,189,3,0.7142857142857143,0.6588955717568095,0.05539014252890485,0.5875113140693102,12.67744002164041,0.17256810993538088,0.5185185185185185,6.523809523809524,false,71.43,65.89,5.54,1267.74,51.85
2020,REG,Andy Reid,KC,1035,16,0.6695652173913044,0.6200032296717083,0.04956198771959603,0.5720550177663852,9.751019962491908,0.186306555963987,0.5014492753623189,6.447342995169082,true,66.96,62.0,4.96,975.1,50.14
2020,REG,Bruce Arians,TB,986,16,0.6592292089249493,0.6097729648380231,0.04945624408692614,0.5972144653110124,6.201474361393684,0.12896779709560327,0.4614604462474645,6.246450304259635,true,65.92,60.98,4.95,620.15,46.15
2020,REG,Brian Flores,MIA,1002,16,0.6207584830339321,0.579201501420989,0.04155698161294312,0.5919017536350026,2.985473339094552,0.013137914906413766,0.4590818363273453,5.429141716566866,true,62.08,57.92,4.16,298.55,45.91
2020,REG,Pete Carroll,SEA,999,16,0.6636636636636637,0.6226859210516151,0.04097774261204856,0.5984011734831142,6.626349118155044,0.10093035650866924,0.4844844844844845,5.934934934934935,true,66.37,62.27,4.1,662.63,48.45
2020,REG,Raheem Morris,ATL,722,11,0.6412742382271468,0.6105913860530757,0.030682852174071032,0.6143382737758747,2.693596445127207,0.022389951835313823,0.425207756232687,5.468144044321329,true,64.13,61.06,3.07,269.36,42.52
2020,REG,Ron Rivera,WAS,1034,16,0.6460348162475822,0.6206054874843567,0.025429328763225546,0.638881101004592,0.7153715242990212,-0.0609468580413436,0.4148936170212766,4.934235976789168,true,64.6,62.06,2.54,71.54,41.49
2020,REG,Darrell Bevell,DET,291,5,0.6804123711340206,0.6588740670076669,0.021538304126353706,0.6613771023926457,1.9035268741374982,0.07380668110362598,0.4639175257731959,6.140893470790378,false,68.04,65.89,2.15,190.35,46.39
2020,REG,Matt Nagy,CHI,1030,16,0.6485436893203883,0.6300242027295915,0.0185194865907968,0.6459153928368995,0.2628296483488916,-0.027583170372110808,0.43592233009708736,5.158252427184466,true,64.85,63.0,1.85,26.28,43.59
2020,REG,Doug Pederson,PHI,1054,16,0.6736242884250474,0.6560438914958506,0.017580396929196766,0.6669612558191003,0.6663032605947194,-0.08152532230815818,0.4060721062618596,5.084440227703984,true,67.36,65.6,1.76,66.63,40.61
2020,POST,Kevin Stefanski,CLE,122,2,0.6065573770491803,0.5907841523706452,0.01577322467853516,0.593406591411741,1.3150785637439275,0.15681885670510418,0.4262295081967213,5.762295081967213,false,60.66,59.08,1.58,131.51,42.62
2020,REG,Zac Taylor,CIN,1026,16,0.631578947368421,0.615917461964057,0.015661485404364097,0.6278944179818732,0.36845293865479223,-0.04436318359270204,0.43664717348927873,4.988304093567251,true,63.16,61.59,1.57,36.85,43.66
2020,REG,Doug Marrone,JAX,991,16,0.6922300706357215,0.6769973129022545,0.015232757733467049,0.6867034013348319,0.5526669300889632,-0.055926794835282095,0.4157416750756811,5.269424823410696,true,69.22,67.7,1.52,55.27,41.57
2020,REG,Matt Rhule,CAR,977,16,0.6366427840327533,0.6273918166407355,0.009250967392017891,0.6244483744799938,1.21944095527595,0.007176691145903835,0.45138178096212894,5.734902763561924,true,63.66,62.74,0.93,121.94,45.14
2020,REG,Matt LaFleur,GB,962,16,0.5904365904365905,0.5863732331110211,0.004063357325569351,0.5644409732986048,2.5995617137985643,0.22776858611846046,0.5083160083160083,6.487525987525988,true,59.04,58.64,0.41,259.96,50.83
2020,REG,Bill O'Brien,HOU,221,4,0.7104072398190046,0.7074643378418105,0.0029429019771939732,0.7078303877786813,0.2576852040323197,0.02242664550347285,0.45248868778280543,5.932126696832579,false,71.04,70.75,0.29,25.77,45.25
2020,REG,Joe Judge,NYG,944,16,0.6260593220338984,0.6262195788155512,-0.00016025678165295458,0.6325635598337088,-0.6504237799810529,-0.04426586415231565,0.4163135593220339,5.098516949152542,true,62.61,62.62,-0.02,-65.04,41.63
2020,POST,Bruce Arians,TB,254,4,0.5669291338582677,0.5710382398924455,-0.004109106034177771,0.559258036960767,0.7671096897500707,0.15820688204937622,0.484251968503937,5.984251968503937,false,56.69,57.1,-0.41,76.71,48.43
2020,REG,Mike McCarthy,DAL,1102,16,0.6406533575317604,0.6511558679033213,-0.01050251037156086,0.6558773207855149,-1.5223963253754453,-0.0340373549416371,0.4573502722323049,5.402903811252268,true,64.07,65.12,-1.05,-152.24,45.74
2020,REG,Anthony Lynn,LAC,1110,16,0.6162162162162163,0.6274298251551429,-0.0112136089389267,0.6323973912594689,-1.6181175043252674,0.03023270910060521,0.43333333333333335,5.515315315315315,true,61.62,62.74,-1.12,-161.81,43.33
2020,REG,Sean McVay,LA,1068,16,0.596441947565543,0.6082622103858727,-0.011820262820329698,0.6030565683803196,-0.66146208147766,-0.015524434845184324,0.4447565543071161,5.663857677902621,true,59.64,60.83,-1.18,-66.15,44.48
2020,REG,Kliff Kingsbury,ARI,1063,16,0.6077140169332079,0.6222448661432085,-0.014530849210000623,0.6190061737254949,-1.1292156792286983,0.0432088846549301,0.45625587958607716,5.8071495766698025,true,60.77,62.22,-1.45,-112.92,45.63
2020,REG,Adam Gase,NYJ,937,16,0.608324439701174,0.630169044592532,-0.02184460489135799,0.6471610514361614,-3.883661173498745,-0.1412088418281715,0.4023479188900747,4.787620064034152,true,60.83,63.02,-2.18,-388.37,40.23
2020,REG,Matt Patricia,DET,685,11,0.637956204379562,0.6606659846666443,-0.022709780287082253,0.6556403661187548,-1.768416173919274,-0.028849301164814798,0.43503649635036495,5.581021897810219,true,63.8,66.07,-2.27,-176.84,43.5
2020,REG,Sean Payton,NO,1021,16,0.5572967678746327,0.5820402630611263,-0.024743495186493613,0.5941845349617207,-3.6887767087088044,0.09755641656671393,0.4779627815866797,5.917727717923604,true,55.73,58.2,-2.47,-368.88,47.8
2020,REG,Jon Gruden,LV,1020,16,0.5901960784313726,0.6165106702563569,-0.026314591824984312,0.6137686497979231,-2.3572571366550585,0.05118905361009317,0.46568627450980393,6.022549019607843,true,59.02,61.65,-2.63,-235.73,46.57
2020,REG,Dan Quinn,ATL,342,5,0.6461988304093568,0.6766511628569006,-0.030452332447543924,0.6734483932629663,-2.724956285360961,0.03822645989488125,0.4502923976608187,5.728070175438597,false,64.62,67.67,-3.05,-272.5,45.03
2020,REG,Vic Fangio,DEN,1009,16,0.6055500495540139,0.6406109484850516,-0.03506089893103773,0.6618587993107536,-5.63087497567398,-0.08541595527751154,0.3904856293359762,5.337958374628345,true,60.56,64.06,-3.51,-563.09,39.05
2020,REG,Kevin Stefanski,CLE,1000,16,0.546,0.5820023552378271,-0.03600235523782698,0.5801198462378234,-3.411984623782337,0.09339990867417663,0.467,5.928,true,54.6,58.2,-3.6,-341.2,46.7
2020,REG,Frank Reich,IND,1007,16,0.5680238331678252,0.605574720189695,-0.03755088702186989,0.6095296544630484,-4.150582129522315,0.078713815855747,0.4657398212512413,6.024826216484608,true,56.8,60.56,-3.76,-415.06,46.57
2020,REG,Kyle Shanahan,SF,1035,16,0.5942028985507246,0.6339371263158593,-0.03973422776513474,0.641172274151718,-4.696937560099334,0.009819920695317008,0.4608695652173913,5.730434782608696,true,59.42,63.39,-3.97,-469.69,46.09
2020,POST,Matt Nagy,CHI,49,1,0.673469387755102,0.7146764026696621,-0.041207014914560136,0.7043623462015268,-3.0892958446424834,-0.2287637088934853,0.2857142857142857,4.877551020408164,false,67.35,71.47,-4.12,-308.93,28.57
2020,POST,Sean McVay,LA,119,2,0.5126050420168067,0.5541048616194839,-0.04149981960267729,0.5763400276856763,-6.373498566886958,-0.022099151703552335,0.48739495798319327,4.8655462184873945,false,51.26,55.41,-4.15,-637.35,48.74
2020,POST,Mike Vrabel,TEN,49,1,0.5714285714285714,0.618247789489058,-0.046819218060486514,0.6325982900298371,-6.116971860126573,-0.10443232788234269,0.3673469387755102,4.26530612244898,false,57.14,61.82,-4.68,-611.7,36.73
2020,POST,Pete Carroll,SEA,57,1,0.631578947368421,0.6880838120925766,-0.056504864724155536,0.7062007633217594,-7.462181595333836,-0.27071930877024647,0.3333333333333333,4.87719298245614,false,63.16,68.81,-5.65,-746.22,33.33
2020,REG,Mike Zimmer,MIN,1011,16,0.5628090999010881,0.6251306513800273,-0.0623215514789393,0.6100907805536963,-4.728168065260827,0.09980954994080768,0.49159248269040556,6.231454005934718,true,56.28,62.51,-6.23,-472.82,49.16
2020,POST,Frank Reich,IND,75,1,0.6133333333333333,0.6867326632855679,-0.07339932995223457,0.6830599774916967,-6.972664415836334,0.20444780291233536,0.4,6.306666666666667,false,61.33,68.67,-7.34,-697.27,40.0
2020,POST,Sean Payton,NO,134,2,0.5597014925373134,0.6553616581588759,-0.09566016562156256,0.5673149515554976,-0.7613459018184178,-0.14515456401773247,0.4552238805970149,5.067164179104478,false,55.97,65.54,-9.57,-76.13,45.52
2020,REG,Mike Vrabel,TEN,1012,16,0.5217391304347826,0.6235100474181583,-0.10177091698337577,0.6148974170996678,-9.315828666488526,0.18123128465913793,0.5029644268774703,6.290513833992095,true,52.17,62.35,-10.18,-931.58,50.3
2020,REG,Bill Belichick,NE,961,16,0.518210197710718,0.6206045789498607,-0.10239438123914262,0.6365669550031082,-11.835675729239025,0.002768520941749651,0.4630593132154006,5.460978147762747,true,51.82,62.06,-10.24,-1183.57,46.31
2020,REG,John Harbaugh,BAL,971,16,0.49948506694129763,0.6083478250531144,-0.10886275811181671,0.6045763266640193,-10.509125972272162,0.13395590505052457,0.4593202883625129,5.9958805355303815,true,49.95,60.83,-10.89,-1050.91,45.93
2020,POST,John Harbaugh,BAL,134,2,0.5671641791044776,0.6867596293205229,-0.1195954502160453,0.6457192832187041,-7.855510411422644,-0.05145261662176503,0.417910447761194,5.544776119402985,false,56.72,68.68,-11.96,-785.55,41.79
2021,POST,Andy Reid,KC,204,3,0.7107843137254902,0.6021731413035929,0.10861117242189727,0.5884565385971584,12.232777512833184,0.23543521192852354,0.5441176470588235,6.887254901960785,false,71.08,60.22,10.86,1223.28,54.41
2021,POST,Bruce Arians,TB,142,2,0.6901408450704225,0.5929788360701436,0.09716200900027887,0.6172352040212759,7.290564104914665,-0.046178010886453416,0.4225352112676056,4.985915492957746,false,69.01,59.3,9.72,729.06,42.25
2021,REG,Bruce Arians,TB,1117,17,0.6821844225604298,0.6114276468239015,0.07075677573652821,0.6010939235112821,8.109049904914764,0.13983321103539878,0.495076096687556,6.192479856759176,true,68.22,61.14,7.08,810.9,49.51
2021,REG,Andy Reid,KC,1110,17,0.6756756756756757,0.6127517468722914,0.0629239288033843,0.5791866439872899,9.738993258928662,0.15167211169397243,0.5117117117117117,6.095495495495496,true,67.57,61.28,6.29,973.9,51.17
2021,REG,Jon Gruden,LV,334,5,0.6706586826347305,0.6238620425245409,0.04679664011018958,0.6218689486250549,4.878973400967563,-0.0033509006325907623,0.437125748502994,5.649700598802395,false,67.07,62.39,4.68,487.9,43.71
2021,REG,Matt LaFleur,GB,1046,17,0.6166347992351816,0.574145174207348,0.042489625027833655,0.577280802703881,3.9353996531300632,0.1385185342166473,0.4875717017208413,5.960803059273423,true,61.66,57.41,4.25,393.54,48.76
2021,POST,Zac Taylor,CIN,248,4,0.6693548387096774,0.6279481111271926,0.041406727582484794,0.6129005466617884,5.6454292047889005,-0.0044910504496417985,0.4032258064516129,5.32258064516129,false,66.94,62.79,4.14,564.54,40.32
2021,REG,Brandon Staley,LAC,1112,17,0.6654676258992805,0.6258988417371508,0.03956878416212968,0.6275558050373475,3.791182086193304,0.0921999595982221,0.4748201438848921,5.97931654676259,true,66.55,62.59,3.96,379.12,47.48
2021,REG,Brian Flores,MIA,1076,17,0.6356877323420075,0.5978011322213935,0.03788660012061394,0.6130005791471738,2.2687153194833645,-0.04603887442176934,0.4144981412639405,4.860594795539034,true,63.57,59.78,3.79,226.87,41.45
2021,REG,Sean McDermott,BUF,1117,17,0.6526410026857654,0.6180107013755618,0.034630301310203636,0.6077210504575004,4.491995222826514,0.10796360847059597,0.4780662488809311,5.834377797672337,true,65.26,61.8,3.46,449.2,47.81
2021,POST,Rich Bisaccia,LV,70,1,0.8142857142857143,0.7832506935641169,0.031035020721597344,0.783209439260619,3.107627502509526,0.04886592513037156,0.4142857142857143,5.5,false,81.43,78.33,3.1,310.76,41.43
2021,REG,Rich Bisaccia,LV,730,12,0.6273972602739726,0.6014396823722696,0.025957577901702892,0.6152925958882456,1.2104664385727006,-0.011504565144704123,0.4589041095890411,5.9,true,62.74,60.14,2.6,121.05,45.89
2021,POST,Mike Tomlin,PIT,64,1,0.71875,0.6951094721680166,0.023640527831983484,0.7153027667663991,0.3447233233600855,-0.12227990708379366,0.390625,4.03125,false,71.88,69.51,2.36,34.47,39.06
2021,REG,Sean McVay,LA,1039,17,0.6217516843118384,0.6019066387375451,0.019845045574293157,0.5950591334745045,2.7655014744937363,0.07814433538255709,0.4629451395572666,6.103946102021174,true,62.18,60.19,1.98,276.55,46.29
2021,REG,Robert Saleh,NYJ,1027,17,0.6572541382667965,0.6376607621320299,0.019593376134766534,0.6535271738203353,0.3726964446461189,-0.09249301898182086,0.4157740993184031,5.079844206426485,true,65.73,63.77,1.96,37.27,41.58
2021,POST,Sean McDermott,BUF,114,2,0.5964912280701754,0.5800689403340179,0.016422287736157587,0.5956437922360605,0.08474358341150116,0.5564172356777514,0.5789473684210527,7.947368421052632,false,59.65,58.01,1.64,8.47,57.89
2021,POST,Matt LaFleur,GB,53,1,0.6226415094339622,0.6119263252101602,0.010715184223801997,0.6034246584716833,1.9216850962278977,-0.12279261233824788,0.3584905660377358,4.962264150943396,false,62.26,61.19,1.07,192.17,35.85
2021,REG,Arthur Smith,ATL,989,17,0.6359959555106168,0.6262095032781124,0.009786452232504322,0.6444134284959705,-0.8417472985353701,-0.0909973589947002,0.40546006066734075,5.223458038422649,true,63.6,62.62,0.98,-84.17,40.55
2021,REG,Joe Judge,NYG,1035,17,0.6376811594202898,0.6319746824751931,0.005706476945096767,0.6534534112338859,-1.480606823871677,-0.16170719737169026,0.391304347826087,4.727536231884058,true,63.77,63.2,0.57,-148.06,39.13
2021,REG,Kliff Kingsbury,ARI,1097,17,0.6043755697356427,0.6002632259588782,0.004112343776764406,0.5951373251367262,0.9238244598916474,0.09363128564452504,0.4731084776663628,5.808568824065634,true,60.44,60.03,0.41,92.38,47.31
2021,REG,Mike Tomlin,PIT,1095,17,0.6438356164383562,0.6398427097304991,0.003992906707857127,0.6562803825984399,-1.244476616008369,-0.07278034022387093,0.3917808219178082,4.907762557077626,true,64.38,63.98,0.4,-124.45,39.18
2021,REG,Mike McCarthy,DAL,1127,17,0.6220053238686779,0.6184180029315762,0.0035873209371016933,0.6065036723143963,1.5501651554281668,0.10227499773852736,0.4702750665483585,6.146406388642413,true,62.2,61.84,0.36,155.02,47.03
2021,REG,Matt Rhule,CAR,1088,17,0.625,0.6214821247129392,0.0035178752870607894,0.6332615316838629,-0.8261531683862867,-0.1226293654730935,0.4108455882352941,4.679227941176471,true,62.5,62.15,0.35,-82.62,41.08
2021,REG,Zac Taylor,CIN,1030,17,0.6087378640776699,0.6061720768489014,0.002565787228768437,0.6103866636897753,-0.16487996121054715,0.06189285512405749,0.4436893203883495,5.976699029126213,true,60.87,60.62,0.26,-16.49,44.37
2021,REG,Darrell Bevell,JAX,241,4,0.6224066390041494,0.6210563906747231,0.001350248329426305,0.6415109677217066,-1.9104328717557226,-0.00961359462028355,0.44398340248962653,5.211618257261411,false,62.24,62.11,0.14,-191.04,44.4
2021,REG,Matt Nagy,CHI,1058,17,0.6190926275992439,0.6198272268537972,-0.0007345992545534188,0.6409825619683374,-2.188993436909353,-0.09869995993249929,0.41304347826086957,4.948015122873346,true,61.91,61.98,-0.07,-218.9,41.3
2021,REG,David Culley,HOU,1001,17,0.6113886113886113,0.6155682688635338,-0.004179657474922473,0.645767966845444,-3.4379355456832643,-0.13792226760293,0.37362637362637363,4.726273726273726,true,61.14,61.56,-0.42,-343.79,37.36
2021,POST,Sean McVay,LA,263,4,0.5855513307984791,0.5919272004090546,-0.006375869610575532,0.5834659283038781,0.20854024946009705,0.02045414189618042,0.4296577946768061,5.775665399239544,false,58.56,59.19,-0.64,20.85,42.97
2021,POST,Mike McCarthy,DAL,69,1,0.7391304347826086,0.7467924039901704,-0.007661969207561705,0.7458926225486009,-0.6762187765992206,-0.1360539075991963,0.4057971014492754,4.449275362318841,false,73.91,74.68,-0.77,-67.62,40.58
2021,REG,Urban Meyer,JAX,777,13,0.6628056628056628,0.671907464040156,-0.009101801234493202,0.6844998516497158,-2.169418884405298,-0.1114342394570643,0.43886743886743884,5.075933075933076,true,66.28,67.19,-0.91,-216.94,43.89
2021,REG,John Harbaugh,BAL,1166,17,0.6312178387650086,0.6448221340818435,-0.013604295316835012,0.6438136610504412,-1.2595822285432656,0.015976014042807823,0.4665523156089194,5.530017152658662,true,63.12,64.48,-1.36,-125.96,46.66
2021,REG,Pete Carroll,SEA,943,17,0.601272534464475,0.6171295645749314,-0.01585703011045628,0.6212857617055434,-2.001322724106835,0.03502703385721987,0.432661717921527,5.846235418875928,true,60.13,61.71,-1.59,-200.13,43.27
2021,REG,Ron Rivera,WAS,1055,17,0.5981042654028436,0.6172453055877821,-0.0191410401849385,0.6298468302458666,-3.0794697544444793,-0.05208159949488002,0.44170616113744077,5.223696682464455,true,59.81,61.72,-1.91,-307.95,44.17
2021,POST,Bill Belichick,NE,60,1,0.7,0.7199163512218042,-0.01991635122180412,0.7488432024916013,-4.8843202491601305,0.0700159966237455,0.38333333333333336,5.083333333333333,false,70.0,71.99,-1.99,-488.43,38.33
2021,REG,Mike Zimmer,MIN,1067,17,0.6044985941893158,0.6252187372189486,-0.020720143029632713,0.6279250190025082,-2.342642481319236,0.0237481356949938,0.41705716963448924,5.794751640112465,true,60.45,62.52,-2.07,-234.26,41.71
2021,POST,Nick Sirianni,PHI,62,1,0.7419354838709677,0.7672920032770271,-0.02535651940605929,0.7286702009939379,1.3265282877029911,-0.11131850272255589,0.3870967741935484,5.467741935483871,false,74.19,76.73,-2.54,132.65,38.71
2021,REG,Frank Reich,IND,1036,17,0.5588803088803089,0.5880437131221713,-0.02916340424186244,0.6008159284386424,-4.193561955833355,0.05834717099039016,0.444015444015444,5.70945945945946,true,55.89,58.8,-2.92,-419.36,44.4
2021,REG,Bill Belichick,NE,1030,17,0.5601941747572815,0.5905758346837446,-0.030381659926463078,0.6111860920394798,-5.099191728219824,0.0754191651554876,0.48446601941747575,5.860194174757281,true,56.02,59.06,-3.04,-509.92,48.45
2021,REG,Dan Campbell,DET,1048,17,0.607824427480916,0.6397489828521428,-0.03192455537122676,0.6623228801883586,-5.4498452707442615,-0.05767392393383714,0.41889312977099236,5.233778625954199,true,60.78,63.97,-3.19,-544.98,41.89
2021,REG,Vic Fangio,DEN,1029,17,0.5850340136054422,0.6210624840443901,-0.036028470438947975,0.6329603510048056,-4.79263373993634,0.015649943958714357,0.44703595724003886,5.465500485908649,true,58.5,62.11,-3.6,-479.26,44.7
2021,REG,Kevin Stefanski,CLE,1037,17,0.5756991321118612,0.6194096210661764,-0.04371048895431523,0.6245856241052727,-4.888649199341164,0.016591871890993266,0.43876567020250723,5.595949855351977,true,57.57,61.94,-4.37,-488.86,43.88
2021,POST,Kliff Kingsbury,ARI,54,1,0.6851851851851852,0.7307944241768186,-0.04560923899163353,0.7145743110665569,-2.9389125881371676,-0.39633806656153564,0.35185185185185186,3.388888888888889,false,68.52,73.08,-4.56,-293.89,35.19
2021,REG,Sean Payton,NO,1034,17,0.558027079303675,0.6036848098865729,-0.0456577305828978,0.620847430694452,-6.282035139077695,-0.06936579826237983,0.4081237911025145,5.0212765957446805,true,55.8,60.37,-4.57,-628.2,40.81
2021,REG,Nick Sirianni,PHI,1055,17,0.5459715639810426,0.6032171347186716,-0.057245570737628926,0.6099530989719086,-6.398153499086604,0.0794331031820051,0.46919431279620855,5.811374407582939,true,54.6,60.32,-5.72,-639.82,46.92
2021,REG,Kyle Shanahan,SF,1024,17,0.548828125,0.6096048862891672,-0.060776761289167196,0.6132961241455632,-6.446799914556323,0.09263942110296343,0.4580078125,6.2470703125,true,54.88,60.96,-6.08,-644.68,45.8
2021,REG,Mike Vrabel,TEN,1111,17,0.54005400540054,0.619895594409109,-0.07984158900856898,0.6198083112581317,-7.975430585759165,0.028727021447671478,0.44554455445544555,5.251125112511251,true,54.01,61.99,-7.98,-797.54,44.55
2021,POST,Mike Vrabel,TEN,52,1,0.5192307692307693,0.6046006444201623,-0.08536987518939301,0.5963458596513822,-7.711509042061293,-0.14684897360402063,0.4423076923076923,6.788461538461538,false,51.92,60.46,-8.54,-771.15,44.23
2021,POST,Kyle Shanahan,SF,164,3,0.4817073170731707,0.5970939499906578,-0.11538663291748706,0.5929207080157428,-11.121339094257209,-0.11827713298033342,0.3902439024390244,5.091463414634147,false,48.17,59.71,-11.54,-1112.13,39.02
2022,POST,Zac Taylor,CIN,184,3,0.6847826086956522,0.5648622045033972,0.11992040419225504,0.5795368112664184,10.524579742923379,0.1006987560556153,0.5,5.201086956521739,false,68.48,56.49,11.99,1052.46,50.0
2022,POST,Todd Bowles,TB,80,1,0.85,0.7332155692870079,0.11678443071299202,0.7304296946153045,11.957030538469553,-0.05125492076695082,0.4125,4.825,false,85.0,73.32,11.68,1195.7,41.25
2022,REG,Andy Reid,KC,1077,17,0.6713091922005571,0.5724505448298265,0.09885864737073058,0.5609022389021646,11.04069532983925,0.18823122835531483,0.5051067780872794,6.541318477251625,true,67.13,57.25,9.89,1104.07,50.51
2022,POST,Brandon Staley,LAC,67,1,0.7014925373134329,0.6099628151356342,0.0915297221777986,0.624722755666989,7.6769781646443835,0.10526331791516004,0.40298507462686567,4.791044776119403,false,70.15,61.0,9.15,767.7,40.3
2022,POST,Andy Reid,KC,181,3,0.6519337016574586,0.5631224018489132,0.08881129980854542,0.5443633784699505,10.757032318750797,0.20140032976951552,0.5027624309392266,5.883977900552487,false,65.19,56.31,8.88,1075.7,50.28
2022,REG,Zac Taylor,CIN,1028,16,0.6614785992217899,0.5773317101394779,0.084146889082312,0.5845563031428634,7.6922296078926395,0.07703328053511327,0.4727626459143969,5.634241245136187,true,66.15,57.73,8.41,769.22,47.28
2022,POST,Kevin O'Connell,MIN,56,1,0.7142857142857143,0.6340195151407578,0.08026619914495652,0.6666917399104152,4.759397437529905,0.17036439283193822,0.5357142857142857,5.928571428571429,false,71.43,63.4,8.03,475.94,53.57
2022,POST,Brian Daboll,NYG,116,2,0.6810344827586207,0.6054929069373514,0.07554157582126927,0.6052943402580147,7.574014250060608,0.10201020432988564,0.46551724137931033,5.698275862068965,false,68.1,60.55,7.55,757.4,46.55
2022,REG,Todd Bowles,TB,1135,17,0.6819383259911894,0.6226069677418462,0.059331358249343255,0.6378754665082247,4.406285948296476,-0.02139042314256368,0.44052863436123346,5.204405286343612,true,68.19,62.26,5.93,440.63,44.05
2022,POST,Mike McDaniel,MIA,69,1,0.7391304347826086,0.6800932579039514,0.05903717687865735,0.6796597229397815,5.947071184282717,-0.2287995382781814,0.30434782608695654,3.347826086956522,false,73.91,68.01,5.9,594.71,30.43
2022,REG,Brandon Staley,LAC,1133,17,0.6804942630185349,0.6235266974685767,0.05696756554995822,0.6357967603560422,4.4697502662492665,0.00695117455688106,0.440423654015887,5.406884377758164,true,68.05,62.35,5.7,446.98,44.04
2022,POST,Sean McDermott,BUF,133,2,0.7142857142857143,0.6576971379768413,0.056588576308873005,0.6747834867328629,3.950222755285134,-0.07769923937048667,0.43609022556390975,5.639097744360902,false,71.43,65.77,5.66,395.02,43.61
2022,REG,Sean McDermott,BUF,1010,16,0.6504950495049505,0.5960301455780223,0.05446490392692822,0.5867063895974419,6.37886599075086,0.129611158450329,0.49207920792079207,6.322772277227723,true,65.05,59.6,5.45,637.89,49.21
2022,REG,Kevin O'Connell,MIN,1108,17,0.6588447653429603,0.6182411447681928,0.040603620574767525,0.6336221819531697,2.522258338979059,-0.011708343969740272,0.44765342960288806,5.5577617328519855,true,65.88,61.82,4.06,252.23,44.77
2022,REG,Doug Pederson,JAX,1055,17,0.6123222748815166,0.5845235861755604,0.027798688705956177,0.6094493742696764,0.28729006118401534,0.06104701924903484,0.46445497630331756,5.770616113744076,true,61.23,58.45,2.78,28.73,46.45
2022,REG,Matt Rhule,CAR,273,5,0.6666666666666666,0.6389291295012044,0.02773753716546235,0.6444148891383693,2.225177752829733,-0.13513794759518963,0.37362637362637363,4.978021978021978,false,66.67,63.89,2.77,222.52,37.36
2022,REG,Mike McDaniel,MIA,988,17,0.6437246963562753,0.6209669810585777,0.022757715297697507,0.6210848748257859,2.2639821530489423,0.0615786128759982,0.4483805668016194,6.279352226720648,true,64.37,62.1,2.28,226.4,44.84
2022,REG,Pete Carroll,SEA,1029,17,0.6326530612244898,0.609845506195103,0.02280755502938679,0.6159097328981198,1.6743328326369977,0.00419112941800452,0.44412050534499514,5.815354713313897,true,63.27,60.98,2.28,167.43,44.41
2022,POST,Doug Pederson,JAX,129,2,0.7131782945736435,0.6988376141472964,0.014340680426347016,0.6909955277923465,2.218276678129684,0.01776031007544297,0.5116279069767442,5.728682170542636,false,71.32,69.88,1.43,221.83,51.16
2022,REG,Frank Reich,IND,590,9,0.6711864406779661,0.6577693572336226,0.013417083444343466,0.6822680057863058,-1.1081565108339666,-0.15309460873717928,0.4016949152542373,4.810169491525424,true,67.12,65.78,1.34,-110.82,40.17
2022,REG,Bill Belichick,NE,978,17,0.6134969325153374,0.6028922103563805,0.01060472215895695,0.6233062081206552,-0.9809275605317761,-0.045333843134641595,0.4100204498977505,5.50920245398773,true,61.35,60.29,1.06,-98.09,41.0
2022,REG,Kliff Kingsbury,ARI,1127,17,0.6619343389529725,0.6522329796915203,0.009701359261452196,0.676148169321118,-1.4213830368145441,-0.07968566870814586,0.4072759538598048,4.8855368234250225,true,66.19,65.22,0.97,-142.14,40.73
2022,REG,Nathaniel Hackett,DEN,937,15,0.6296691568836713,0.6232827549201299,0.0063864019635414045,0.6448176913619391,-1.5148534478267839,-0.11913521515818654,0.3799359658484525,5.077908217716115,true,62.97,62.33,0.64,-151.49,37.99
2022,REG,Lovie Smith,HOU,1004,17,0.6344621513944223,0.6300980133413863,0.004364138053036105,0.6575077747057871,-2.3045623311364793,-0.1849633473435908,0.3705179282868526,4.809760956175299,true,63.45,63.01,0.44,-230.46,37.05
2022,POST,Mike McCarthy,DAL,127,2,0.6062992125984252,0.6053899080036301,0.0009093045947950729,0.6135869267301297,-0.7287714131704466,0.15405108202805584,0.48031496062992124,5.574803149606299,false,60.63,60.54,0.09,-72.88,48.03
2022,REG,Nick Sirianni,PHI,1095,17,0.5698630136986301,0.5708330774906386,-0.0009700637920085167,0.57718656975861,-0.7323556059979957,0.1227678574907627,0.4858447488584475,6.061187214611872,true,56.99,57.08,-0.1,-73.24,48.58
2022,REG,Mike Tomlin,PIT,1095,17,0.5835616438356165,0.5856728324194267,-0.0021111885838102523,0.6196121888583925,-3.6050545022776137,0.012813336970867957,0.4502283105022831,5.019178082191781,true,58.36,58.57,-0.21,-360.51,45.02
2022,POST,Pete Carroll,SEA,63,1,0.6507936507936508,0.6572640911991157,-0.006470440405464857,0.6628635142530713,-1.2069863459420582,0.08269588546926522,0.47619047619047616,5.26984126984127,false,65.08,65.73,-0.65,-120.7,47.62
2022,REG,Robert Saleh,NYJ,1063,17,0.6472248353715898,0.6542179198174739,-0.006993084445884081,0.6734551660127777,-2.623033064118782,-0.08749542268809048,0.3894637817497648,5.097836312323612,true,64.72,65.42,-0.7,-262.3,38.95
2022,REG,Dan Campbell,DET,1073,17,0.5824790307548928,0.5941171297132426,-0.01163809895834977,0.5989022755063202,-1.6423244751427402,0.07836811573726633,0.45573159366262816,6.04287045666356,true,58.25,59.41,-1.16,-164.23,45.57
2022,REG,Sean McVay,LA,984,17,0.6209349593495935,0.6392416126460904,-0.018306653296496778,0.6494197507419177,-2.8484791392324174,-0.0852205866507853,0.4115853658536585,4.861788617886178,true,62.09,63.92,-1.83,-284.85,41.16
2022,REG,Josh McDaniels,LV,1042,17,0.6199616122840691,0.6418367396320198,-0.021875127347950704,0.6542898833308362,-3.432827104676708,0.006837349622587535,0.43378119001919385,5.755278310940499,true,62.0,64.18,-2.19,-343.28,43.38
2022,REG,Matt LaFleur,GB,1030,17,0.587378640776699,0.6106435602333509,-0.023264919456651875,0.6207859757094129,-3.3407334932713835,0.014036204201028496,0.458252427184466,5.594174757281554,true,58.74,61.06,-2.33,-334.07,45.83
2022,REG,Kyle Shanahan,SF,1027,17,0.5413826679649465,0.56533786218098,-0.023955194216033527,0.5843697729889583,-4.298710502401183,0.09241790827285726,0.4625121713729309,6.069133398247322,true,54.14,56.53,-2.4,-429.87,46.25
2022,REG,Jeff Saturday,IND,501,8,0.5768463073852296,0.6032238294925042,-0.026377522107274655,0.6422073856858674,-6.536107830063788,-0.15653685359033576,0.3992015968063872,4.92814371257485,true,57.68,60.32,-2.64,-653.61,39.92
2022,REG,Jay Rosburg,DEN,127,2,0.5669291338582677,0.5980541737490547,-0.031125039890787007,0.6195060798502344,-5.257694599196666,0.0016134618882820198,0.4015748031496063,6.125984251968504,false,56.69,59.81,-3.11,-525.77,40.16
2022,REG,John Harbaugh,BAL,1024,17,0.548828125,0.5819189325043315,-0.03309080750433145,0.59523437730968,-4.6406252309679985,0.011130154540865753,0.453125,5.6455078125,true,54.88,58.19,-3.31,-464.06,45.31
2022,REG,Dennis Allen,NO,997,17,0.563691073219659,0.6003349769335145,-0.03664390371385547,0.6303795687947702,-6.668849557511128,-0.03541052547377947,0.4563691073219659,5.6970912738214645,true,56.37,60.03,-3.66,-666.88,45.64
2022,REG,Brian Daboll,NYG,1071,17,0.5835667600373483,0.6261422934475163,-0.042575533410168,0.6401517960676849,-5.658503603033659,0.030238188169791135,0.4481792717086835,5.313725490196078,true,58.36,62.61,-4.26,-565.85,44.82
2022,REG,Mike McCarthy,DAL,1097,17,0.5460346399270738,0.5930734969746078,-0.047038857047533966,0.6061986098193318,-6.016396989225798,0.021761596618724344,0.44758432087511396,5.513217866909754,true,54.6,59.31,-4.7,-601.64,44.76
2022,REG,Ron Rivera,WAS,1125,17,0.5582222222222222,0.6099939242146944,-0.051771701992472205,0.6326552307440175,-7.443300852179528,-0.07260656325829534,0.4053333333333333,4.998222222222222,true,55.82,61.0,-5.18,-744.33,40.53
2022,REG,Kevin Stefanski,CLE,1095,17,0.5607305936073059,0.6176899625964668,-0.056959368989160916,0.6361700875454978,-7.543949393819184,0.01771052949696151,0.4410958904109589,5.425570776255708,true,56.07,61.77,-5.7,-754.39,44.11
2022,POST,John Harbaugh,BAL,66,1,0.5,0.5609399974134529,-0.06093999741345292,0.6203852088162394,-12.038520881623933,-0.08871894213110368,0.42424242424242425,5.515151515151516,false,50.0,56.09,-6.09,-1203.85,42.42
2022,REG,Mike Vrabel,TEN,975,17,0.5415384615384615,0.6248138732300377,-0.08327541169157612,0.6473023604964598,-10.576389895799833,-0.047212128263231234,0.4112820512820513,5.187692307692307,true,54.15,62.48,-8.33,-1057.64,41.13
2022,POST,Kyle Shanahan,SF,170,3,0.5058823529411764,0.5925700588996369,-0.08668770595846038,0.5896733747028252,-8.37910217616488,0.050712281584943654,0.43529411764705883,5.776470588235294,false,50.59,59.26,-8.67,-837.91,43.53
2022,POST,Nick Sirianni,PHI,208,3,0.4567307692307692,0.5457845751410654,-0.08905380591029613,0.5853890989763806,-12.865832974561132,0.1871563302073527,0.4855769230769231,5.3125,false,45.67,54.58,-8.91,-1286.58,48.56
2022,REG,Steve Wilks,CAR,688,12,0.4752906976744186,0.5722518112562921,-0.09696111358187348,0.6013024126850935,-12.601171501067489,0.025070261547049225,0.42296511627906974,5.600290697674419,true,47.53,57.23,-9.7,-1260.12,42.3
2022,REG,Arthur Smith,ATL,992,17,0.4899193548387097,0.5981879004720599,-0.10826854563335035,0.6256021035763796,-13.568274873766988,0.010747605648674004,0.45463709677419356,5.467741935483871,true,48.99,59.82,-10.83,-1356.83,45.46
2022,REG,Matt Eberflus,CHI,971,17,0.5190525231719877,0.6348060015851,-0.1157534784131124,0.6559247742267948,-13.687225105480726,-0.03639202971618889,0.407826982492276,5.390319258496396,true,51.91,63.48,-11.58,-1368.72,40.78
2023,POST,Todd Bowles,TB,129,2,0.689922480620155,0.5634821048197048,0.12644037580045023,0.5860711173262707,10.385136329388434,0.1311020344516183,0.4806201550387597,6.465116279069767,false,68.99,56.35,12.64,1038.51,48.06
2023,REG,Ron Rivera,WAS,1054,17,0.6973434535104365,0.6109292895517935,0.08641416395864294,0.6406930862330396,5.665036727739692,-0.1038902243367481,0.4098671726755218,5.045540796963947,true,69.73,61.09,8.64,566.5,40.99
2023,REG,Zac Taylor,CIN,1031,17,0.6731328806983511,0.5995614061094048,0.07357147458894633,0.6169489989586528,5.618388173969826,-0.01118751111201463,0.4393792434529583,5.274490785645005,true,67.31,59.96,7.36,561.84,43.94
2023,REG,Andy Reid,KC,1051,17,0.6803044719314938,0.6113773833051602,0.0689270886263336,0.6125764358792273,6.772803605226649,0.02909801236380219,0.4386298763082778,5.705042816365366,true,68.03,61.14,6.89,677.28,43.86
2023,REG,Giff Smith,LAC,206,3,0.6504854368932039,0.5838490832514435,0.06663635364176046,0.6643901935335502,-1.3904756640346305,-0.14826241605287482,0.4029126213592233,4.485436893203883,false,65.05,58.38,6.66,-139.05,40.29
2023,POST,John Harbaugh,BAL,123,2,0.6178861788617886,0.5532759485858162,0.06461023027597239,0.58534861973873,3.253755912305863,0.039211892941972214,0.43902439024390244,5.6016260162601625,false,61.79,55.33,6.46,325.38,43.9
2023,REG,Robert Saleh,NYJ,1039,17,0.6669874879692012,0.6026502039787411,0.06433728399046011,0.6748237775403853,-0.7836289571184052,-0.23690617991113422,0.3503368623676612,4.399422521655438,true,66.7,60.27,6.43,-78.36,35.03
2023,POST,Sean McVay,LA,55,1,0.6909090909090909,0.6351541675532675,0.05575492335582333,0.6084345839240334,8.247450698505748,0.2889270453209822,0.45454545454545453,7.7272727272727275,false,69.09,63.52,5.58,824.75,45.45
2023,POST,Andy Reid,KC,266,4,0.6278195488721805,0.574930278219107,0.05288927065307343,0.6010178907501295,2.6801658122051033,0.06385298106190852,0.4323308270676692,5.838345864661654,false,62.78,57.49,5.29,268.02,43.23
2023,POST,Dan Campbell,DET,191,3,0.6230366492146597,0.5720729218386975,0.05096372737596219,0.5788162061993364,4.422044301532326,0.16847891528452902,0.518324607329843,6.146596858638744,false,62.3,57.21,5.1,442.2,51.83
2023,REG,Doug Pederson,JAX,1094,17,0.6453382084095064,0.5974712447279577,0.04786696368154881,0.6175748204720467,2.7763387937459694,-0.06485614908741583,0.42138939670932357,5.293418647166362,true,64.53,59.75,4.79,277.63,42.14
2023,REG,Kevin O'Connell,MIN,1058,17,0.6691871455576559,0.6233100435080247,0.04587710204963133,0.6452358141066137,2.3951331451042277,-0.03487766547106466,0.42533081285444235,5.597353497164462,true,66.92,62.33,4.59,239.51,42.53
2023,REG,Mike McCarthy,DAL,1098,17,0.6202185792349727,0.580833956363638,0.03938462287133466,0.5893044407956153,3.091413843935739,0.110088565253616,0.4726775956284153,5.771402550091075,true,62.02,58.08,3.94,309.14,47.27
2023,POST,Kevin Stefanski,CLE,70,1,0.7428571428571429,0.7058667428766651,0.036990399980477796,0.6970883454595294,4.5768797397613525,-0.3071893759953257,0.38571428571428573,4.628571428571429,false,74.29,70.59,3.7,457.69,38.57
2023,REG,Brandon Staley,LAC,887,14,0.6538895152198422,0.6211742478072729,0.032715267412569235,0.6403167778468589,1.3572737372983268,-0.05704955693930884,0.41149943630214203,5.285231116121759,true,65.39,62.12,3.27,135.73,41.15
2023,POST,DeMeco Ryans,HOU,87,2,0.6551724137931034,0.6247254673647421,0.03044694642836138,0.6319370939471256,2.323531984597787,-0.0003106312505710887,0.3333333333333333,6.597701149425287,false,65.52,62.47,3.04,232.35,33.33
2023,POST,Mike McDaniel,MIA,59,1,0.7457627118644068,0.7188338969146,0.026928814949806795,0.720442771406497,2.5319940457909795,-0.2172765340892819,0.3220338983050847,4.47457627118644,false,74.58,71.88,2.69,253.2,32.2
2023,REG,Bill Belichick,NE,1013,17,0.6179664363277394,0.591490507028442,0.026475929299297415,0.6533435689688082,-3.5377132641068805,-0.1836312193958998,0.3899308983218164,4.642645607107601,true,61.8,59.15,2.65,-353.77,38.99
2023,POST,Mike McCarthy,DAL,89,1,0.7865168539325843,0.7627461541176048,0.023770699814979417,0.743608439571402,4.290841436118223,0.03354512545393828,0.5617977528089888,5.730337078651686,false,78.65,76.27,2.38,429.08,56.18
2023,REG,Matt LaFleur,GB,1033,17,0.611810261374637,0.5891204174019804,0.022689843972656675,0.6085625038484953,0.324775752614163,0.07039336532220374,0.44724104549854793,5.698935140367861,true,61.18,58.91,2.27,32.48,44.72
2023,REG,Brian Daboll,NYG,1040,17,0.6394230769230769,0.6170909383397442,0.022332138583332786,0.6598130765693405,-2.038999964626363,-0.16129484334468397,0.38076923076923075,4.5836538461538465,true,63.94,61.71,2.23,-203.9,38.08
2023,REG,Kevin Stefanski,CLE,1167,17,0.5946872322193659,0.5724998113656137,0.022187420853752242,0.6297302837319985,-3.5043051512632597,-0.13280300183198027,0.38817480719794345,4.902313624678663,true,59.47,57.25,2.22,-350.43,38.82
2023,REG,John Harbaugh,BAL,1058,17,0.5737240075614367,0.5522311438236286,0.021492863737808045,0.5767835085553122,-0.30595009938755646,0.07679305346586227,0.47448015122873344,5.963137996219282,true,57.37,55.22,2.15,-30.6,47.45
2023,REG,Todd Bowles,TB,1023,17,0.6236559139784946,0.6034580226334239,0.020197891345070704,0.6406372736316477,-1.6981359653153028,-0.014122826234732887,0.396871945259042,5.221896383186706,true,62.37,60.35,2.02,-169.81,39.69
2023,REG,Antonio Pierce,LV,538,9,0.5817843866171004,0.5624954673208179,0.019288919296282542,0.612107715538277,-3.032332892117669,-0.05682652340316223,0.39776951672862454,5.171003717472119,true,58.18,56.25,1.93,-303.23,39.78
2023,REG,Pete Carroll,SEA,979,17,0.6455566905005107,0.6273149276287139,0.018241762871796848,0.6427196745891067,0.3858466371056739,0.022322549879112415,0.43922369765066394,5.6189989785495404,true,64.56,62.73,1.82,38.58,43.92
2023,REG,Josh McDaniels,LV,453,8,0.6423841059602649,0.6283311044510094,0.014053001509255557,0.6515918823070084,-0.9207776346743501,-0.14348777765228235,0.4304635761589404,4.76158940397351,false,64.24,62.83,1.41,-92.08,43.05
2023,REG,Dennis Allen,NO,1098,17,0.5947176684881603,0.586016981962779,0.00870068652538135,0.6213196165662918,-2.6601948078131414,-0.01751912854564757,0.41894353369763204,5.2449908925318764,true,59.47,58.6,0.87,-266.02,41.89
2023,REG,Sean McDermott,BUF,1089,17,0.5959595959595959,0.5875393309199495,0.008420265039646527,0.590963132877871,0.49964630817250444,0.11723293300411151,0.4903581267217631,5.8659320477502295,true,59.6,58.75,0.84,49.96,49.04
2023,REG,Mike McDaniel,MIA,1025,17,0.5960975609756097,0.5890056383253367,0.007091922650272996,0.6022009045031013,-0.6103343527491499,0.13206808183789573,0.4770731707317073,6.674146341463414,true,59.61,58.9,0.71,-61.03,47.71
2023,REG,Frank Reich,CAR,718,11,0.6615598885793872,0.6558958200074295,0.005664068571957662,0.6825121462054572,-2.0952257626069954,-0.17085569021541047,0.37186629526462395,4.075208913649025,true,66.16,65.59,0.57,-209.52,37.19
2023,POST,Nick Sirianni,PHI,53,1,0.7358490566037735,0.7348287503679579,0.0010203062358156764,0.7164702328308573,1.9378823772916254,-0.15239335396991832,0.3018867924528302,5.2075471698113205,false,73.58,73.48,0.1,193.79,30.19
2023,REG,DeMeco Ryans,HOU,1070,17,0.6140186915887851,0.6139791866851969,0.000039504903588059065,0.6391954059843148,-2.517671439552976,-0.019596645157526866,0.411214953271028,5.442990654205608,true,61.4,61.4,0.0,-251.77,41.12
2023,POST,Matt LaFleur,GB,113,2,0.49557522123893805,0.4975797931593211,-0.002004571920383072,0.5049301227801932,-0.9354901541255217,0.2108095432399438,0.4778761061946903,6.610619469026549,false,49.56,49.76,-0.2,-93.55,47.79
2023,POST,Mike Tomlin,PIT,62,1,0.6612903225806451,0.6648927915200593,-0.0036024689394141525,0.7000114747112797,-3.8721152130634553,-0.1444743545283999,0.4032258064516129,5.225806451612903,false,66.13,66.49,-0.36,-387.21,40.32
2023,REG,Sean McVay,LA,1085,17,0.5852534562211982,0.5889581940141673,-0.003704737792969187,0.6139961903974894,-2.87427341762913,0.036927601011116744,0.44608294930875575,5.63963133640553,true,58.53,58.9,-0.37,-287.43,44.61
2023,REG,Mike Tomlin,PIT,1002,17,0.562874251497006,0.5668716503605877,-0.0039973988635816915,0.6226974651775139,-5.98232136805079,-0.06377190271461909,0.42115768463073855,5.189620758483034,true,56.29,56.69,-0.4,-598.23,42.12
2023,REG,Kyle Shanahan,SF,993,17,0.5448136958710977,0.5538619963896158,-0.009048300518518033,0.5658581855538989,-2.104448968280118,0.176578065009304,0.5125881168177241,6.8449144008056395,true,54.48,55.39,-0.9,-210.44,51.26
2023,REG,Nick Sirianni,PHI,1101,17,0.592188919164396,0.6025130162782143,-0.010324097113818327,0.6029701383478202,-1.0781219183424189,0.05791299894926897,0.45958219800181654,5.48047229791099,true,59.22,60.25,-1.03,-107.81,45.96
2023,REG,Sean Payton,DEN,992,17,0.6048387096774194,0.6160776268186262,-0.011238917141206896,0.6422182987481656,-3.7379589070746255,-0.050573240523307826,0.4213709677419355,5.134072580645161,true,60.48,61.61,-1.12,-373.8,42.14
2023,REG,Shane Steichen,IND,1081,17,0.5948196114708603,0.6061278501553996,-0.011308238684539217,0.6338297268315447,-3.9010115360684354,-0.03548648786364411,0.4070305272895467,5.3098982423681775,true,59.48,60.61,-1.13,-390.1,40.7
2023,REG,Mike Vrabel,TEN,977,17,0.5885363357215967,0.6042404038941201,-0.015704068172523483,0.638868219696725,-5.0331883975128315,-0.028238433693519985,0.39815762538382804,5.0214943705220065,true,58.85,60.42,-1.57,-503.32,39.82
2023,POST,Sean McDermott,BUF,143,2,0.5594405594405595,0.5806350278550894,-0.021194468414529953,0.5804881848967992,-2.1047625456239794,0.1661568866479893,0.5314685314685315,5.1678321678321675,false,55.94,58.06,-2.12,-210.48,53.15
2023,REG,Matt Eberflus,CHI,1083,17,0.5706371191135734,0.594365950071162,-0.023728830957588647,0.6192654141776147,-4.862829506404127,-0.045857342580381336,0.41920590951061865,5.089566020313943,true,57.06,59.44,-2.37,-486.28,41.92
2023,POST,Kyle Shanahan,SF,196,3,0.6071428571428571,0.6344973825771497,-0.027354525434292596,0.6076778854262463,-0.05350282833892472,0.12373055656571148,0.45918367346938777,5.903061224489796,false,60.71,63.45,-2.74,-5.35,45.92
2023,REG,Dan Campbell,DET,1110,17,0.5765765765765766,0.60637487434997,-0.029798297773393326,0.615068502220753,-3.84919256441765,0.07076797123695899,0.46216216216216216,6.064864864864865,true,57.66,60.64,-2.98,-384.92,46.22
2023,REG,Arthur Smith,ATL,1071,17,0.5592903828197946,0.5926854946299995,-0.033395111810204874,0.6536695295710022,-9.43791467512077,-0.0822798274797903,0.41363211951447243,5.314659197012138,true,55.93,59.27,-3.34,-943.79,41.36
2023,REG,Jonathan Gannon,ARI,1053,17,0.597340930674264,0.6320851928991488,-0.03474426222488475,0.6590021550796876,-6.166122440542364,-0.05478515165262748,0.409306742640076,5.240265906932573,true,59.73,63.21,-3.47,-616.61,40.93
2023,REG,Chris Tabor,CAR,372,6,0.5564516129032258,0.5968559908689587,-0.04040437796573285,0.675170152458132,-11.871853955490614,-0.1969418629152852,0.3790322580645161,4.266129032258065,false,55.65,59.69,-4.04,-1187.19,37.9
2024,POST,Mike Tomlin,PIT,44,1,0.8181818181818182,0.6838209217235547,0.1343608964582635,0.6736640737138011,14.451774446801705,0.1164619843872391,0.38636363636363635,6.386363636363637,false,81.82,68.38,13.44,1445.18,38.64
2024,REG,Zac Taylor,CIN,1064,17,0.6776315789473685,0.5922273750200584,0.08540420392730999,0.5949525437457837,8.267903520158471,0.0929509289751166,0.47368421052631576,5.852443609022556,true,67.76,59.22,8.54,826.79,47.37
2024,POST,Andy Reid,KC,156,3,0.6858974358974359,0.6185476169076182,0.06734981898981775,0.5930826460751586,9.281478982227735,-0.0015929744268520201,0.44871794871794873,5.564102564102564,false,68.59,61.85,6.73,928.15,44.87
2024,REG,Andy Reid,KC,1067,17,0.6354264292408622,0.5738252372279791,0.06160119201288313,0.5835317412693308,5.18946879715314,0.0719130875216294,0.47703842549203374,5.250234301780694,true,63.54,57.38,6.16,518.95,47.7
2024,REG,Kevin O'Connell,MIN,1025,17,0.6097560975609756,0.5569655568076144,0.05279054075336119,0.5693878968623354,4.036820069864029,0.03145490156333948,0.4575609756097561,5.776585365853658,true,60.98,55.7,5.28,403.68,45.76
2024,REG,Robert Saleh,NYJ,314,5,0.6751592356687898,0.6260718869383394,0.049087348730450425,0.649499536794462,2.5659698874327788,-0.07780591179370298,0.4171974522292994,4.570063694267516,false,67.52,62.61,4.91,256.6,41.72
2024,REG,Jeff Ulbrich,NYJ,690,12,0.6565217391304348,0.6098609802402738,0.04666075889016103,0.6327734743933315,2.3748264737103297,0.01641146065055743,0.4289855072463768,5.571014492753624,true,65.65,60.99,4.67,237.48,42.9
2024,REG,Sean Payton,DEN,1035,17,0.6222222222222222,0.5850530539105009,0.03716916831172134,0.6163350556549675,0.5887166567254758,0.022996029130497742,0.4280193236714976,5.351690821256039,true,62.22,58.51,3.72,58.87,42.8
2024,REG,Mike Macdonald,SEA,1008,17,0.6646825396825397,0.6286281309193359,0.036054408763203885,0.6428370388845602,2.1845500797979414,-0.012915400032237278,0.44246031746031744,5.611111111111111,true,66.47,62.86,3.61,218.46,44.25
2024,REG,Kevin Stefanski,CLE,1110,17,0.6855855855855856,0.6523906005496583,0.03319498503592737,0.6809053581828872,0.4680227402698349,-0.18071254507127588,0.36936936936936937,4.6117117117117115,true,68.56,65.24,3.32,46.8,36.94
2024,REG,Antonio Pierce,LV,1044,17,0.6704980842911877,0.6416974365525693,0.028800647738618533,0.6767743228973956,-0.62762386062079,-0.12769271503704652,0.407088122605364,4.953065134099617,true,67.05,64.17,2.88,-62.76,40.71
2024,POST,Sean McVay,LA,118,2,0.6694915254237288,0.6424412709252485,0.02705025449848028,0.6519237542367082,1.756777118702056,-0.01166284734140394,0.4406779661016949,5.889830508474576,false,66.95,64.24,2.71,175.68,44.07
2024,REG,DeMeco Ryans,HOU,1042,17,0.6353166986564299,0.6082031520576449,0.027113546598785086,0.6256124639629803,0.9704234693449656,-0.04302147440268463,0.3896353166986564,5.226487523992322,true,63.53,60.82,2.71,97.04,38.96
2024,REG,Todd Bowles,TB,1075,17,0.6065116279069768,0.59143914173016,0.015072486176816724,0.6052731777623642,0.1238450144612512,0.14204504738794613,0.49767441860465117,6.326511627906977,true,60.65,59.14,1.51,12.38,49.77
2024,POST,Dan Quinn,WAS,215,3,0.6186046511627907,0.6056277513985747,0.01297689976421598,0.5970364540468814,2.1568197115909222,0.09718424927653575,0.4418604651162791,5.525581395348837,false,61.86,60.56,1.3,215.68,44.19
2024,REG,Jim Harbaugh,LAC,990,17,0.5898989898989899,0.5779073708905639,0.011991619008425963,0.6037970704261703,-1.3898080527180372,0.04177035940900643,0.4202020202020202,5.602020202020202,true,58.99,57.79,1.2,-138.98,42.02
2024,POST,DeMeco Ryans,HOU,132,2,0.6060606060606061,0.597086573202628,0.008974032857978036,0.6235715443211974,-1.751093826059139,-0.004973087214450889,0.44696969696969696,5.818181818181818,false,60.61,59.71,0.9,-175.11,44.7
2024,REG,Dan Quinn,WAS,1083,17,0.5983379501385041,0.5925642866111392,0.005773663527364969,0.5994149257849458,-0.10769756464416631,0.14061451995904406,0.48476454293628807,5.814404432132964,true,59.83,59.26,0.58,-10.77,48.48
2024,REG,Jerod Mayo,NE,1012,17,0.6274703557312253,0.625525061161225,0.0019452945700003802,0.6554238339978097,-2.7953478266584426,-0.0659145171138549,0.424901185770751,4.909090909090909,true,62.75,62.55,0.19,-279.53,42.49
2024,REG,Matt Eberflus,CHI,761,12,0.6504599211563732,0.6494340220941717,0.0010258990622014792,0.6686338833808586,-1.817396222448537,-0.049578576445187934,0.40473061760841,4.731931668856768,true,65.05,64.94,0.1,-181.74,40.47
2024,REG,Mike McCarthy,DAL,1087,17,0.6292548298068077,0.6295402185178588,-0.00028538871105109607,0.6518499160026094,-2.2595086195801746,-0.09981885281203895,0.40846366145354185,5.131554737810488,true,62.93,62.95,-0.03,-225.95,40.85
2024,REG,Dave Canales,CAR,984,17,0.6361788617886179,0.6379742898723042,-0.0017954280836863068,0.6583311930980261,-2.215233130940819,-0.052486092077172704,0.4136178861788618,5.158536585365853,true,63.62,63.8,-0.18,-221.52,41.36
2024,REG,Mike McDaniel,MIA,1064,17,0.6156015037593985,0.6208242229693671,-0.0052227192099686594,0.6370175299514785,-2.1416026192080033,-0.02367873102647704,0.44642857142857145,5.204887218045113,true,61.56,62.08,-0.52,-214.16,44.64
2024,POST,Jim Harbaugh,LAC,54,1,0.6666666666666666,0.6733231003548733,-0.006656433688206733,0.6565365531930217,1.0130113473644964,-0.5168468905505953,0.3333333333333333,4.833333333333333,false,66.67,67.33,-0.67,101.3,33.33
2024,REG,Jonathan Gannon,ARI,1022,17,0.5998043052837574,0.6071652021531754,-0.007360896869418092,0.622242380336379,-2.243807505262166,0.08007735451960149,0.474559686888454,5.9696673189823874,true,59.98,60.72,-0.74,-224.38,47.46
2024,REG,Brian Daboll,NYG,1043,17,0.6356663470757431,0.6448482890736584,-0.009181941997915354,0.6702117645221897,-3.454541744644667,-0.10324053767951884,0.4074784276126558,4.819750719079578,true,63.57,64.48,-0.92,-345.45,40.75
2024,REG,Doug Pederson,JAX,981,17,0.6156982670744139,0.6248604109835919,-0.00916214390917804,0.6486865198401075,-3.2988252765693673,-0.01416993261149526,0.4148827726809378,5.314984709480123,true,61.57,62.49,-0.92,-329.88,41.49
2024,REG,Darren Rizzi,NO,458,8,0.6331877729257642,0.6475345477898595,-0.014346774864095297,0.6681677581148637,-3.49799851890995,-0.06071754904129194,0.39737991266375544,5.377729257641922,false,63.32,64.75,-1.43,-349.8,39.74
2024,REG,Sean McDermott,BUF,1003,17,0.576271186440678,0.5909286672340984,-0.014657480793420453,0.5961759138893213,-1.9904727448643382,0.19129727872709598,0.4745762711864407,6.1056829511465605,true,57.63,59.09,-1.47,-199.05,47.46
2024,REG,Kyle Shanahan,SF,1010,17,0.6049504950495049,0.6198264628512895,-0.014875967801784639,0.6258965202450457,-2.0946025195540767,0.0727083576363438,0.4623762376237624,6.341584158415841,true,60.5,61.98,-1.49,-209.46,46.24
2024,REG,Sean McVay,LA,1022,17,0.5802348336594912,0.6026449696841558,-0.022410136024664688,0.6148765734497115,-3.4641739790220316,0.020712587496394794,0.4706457925636008,5.529354207436399,true,58.02,60.26,-2.24,-346.42,47.06
2024,REG,Thomas Brown,CHI,285,5,0.6491228070175439,0.6739932947441135,-0.024870487726569582,0.6843352496101145,-3.5212442592570654,-0.11612486023923399,0.3894736842105263,4.32280701754386,false,64.91,67.4,-2.49,-352.12,38.95
2024,REG,Brian Callahan,TEN,1017,17,0.6017699115044248,0.6317062666894804,-0.029936355185055566,0.6666736046443881,-6.490369313996333,-0.09601444844994021,0.400196656833825,5.08062930186824,true,60.18,63.17,-2.99,-649.04,40.02
2024,REG,Dennis Allen,NO,562,9,0.5765124555160143,0.6116892881999464,-0.03517683268393217,0.6418364456725503,-6.5323990156536,-0.04616956901255055,0.41637010676156583,5.316725978647687,true,57.65,61.17,-3.52,-653.24,41.64
2024,REG,Mike Tomlin,PIT,1058,17,0.5519848771266541,0.5907084219500027,-0.03872354482334859,0.6123443524492288,-6.035947532257477,-0.02058244441827115,0.40737240075614367,5.142722117202268,true,55.2,59.07,-3.87,-603.59,40.74
2024,REG,Dan Campbell,DET,1097,17,0.5432999088422972,0.5850002237741758,-0.04170031493187865,0.5777766526478904,-3.4476743805593215,0.17001003073477786,0.5013673655423884,6.363719234275297,true,54.33,58.5,-4.17,-344.77,50.14
2024,POST,Kevin O'Connell,MIN,70,1,0.7142857142857143,0.7611593262218141,-0.046873611936099825,0.7337052217551641,-1.9419507469449724,-0.38210105459057025,0.4,3.857142857142857,false,71.43,76.12,-4.69,-194.2,40.0
2024,POST,Sean Payton,DEN,42,1,0.6666666666666666,0.7247592862788741,-0.05809261961220737,0.7206481560355141,-5.398148936884744,-0.12542957607891325,0.42857142857142855,5.333333333333333,false,66.67,72.48,-5.81,-539.81,42.86
2024,REG,Shane Steichen,IND,1025,17,0.5531707317073171,0.6121589436545584,-0.058988211947241284,0.6365388552244844,-8.336812351716727,-0.041120971263349154,0.40487804878048783,5.564878048780487,true,55.32,61.22,-5.9,-833.68,40.49
2024,POST,Dan Campbell,DET,65,1,0.6615384615384615,0.7207964785327406,-0.059258016994279086,0.7081697191183384,-4.663125757987682,0.07537729913764236,0.5692307692307692,8.015384615384615,false,66.15,72.08,-5.93,-466.31,56.92
2024,REG,Raheem Morris,ATL,1061,17,0.5598491988689915,0.6211407006677698,-0.061291501798778285,0.6374663100538391,-7.761711118484757,0.04800524241940324,0.48444863336475025,5.942507068803016,true,55.98,62.11,-6.13,-776.17,48.44
2024,REG,Nick Sirianni,PHI,1083,17,0.4930747922437673,0.5632838263754301,-0.07020903413166274,0.5796273074569465,-8.655251521317913,0.12191620383340926,0.4533702677746999,5.784856879039705,true,49.31,56.33,-7.02,-865.53,45.34
2024,REG,Matt LaFleur,GB,1012,17,0.5138339920948617,0.5900139437501577,-0.07617995165529605,0.5955881999801889,-8.175420788532719,0.08296066231127455,0.4505928853754941,6.239130434782608,true,51.38,59.0,-7.62,-817.54,45.06
2024,REG,John Harbaugh,BAL,1031,17,0.524733268671193,0.60267828559073,-0.07794501691953698,0.5971427986960204,-7.2409530024827395,0.23802319849071799,0.5033947623666344,6.996120271580989,true,52.47,60.27,-7.79,-724.1,50.34
2024,POST,Matt LaFleur,GB,59,1,0.6101694915254238,0.6947101590811192,-0.08454066755569556,0.7004917034153211,-9.032221188989736,-0.07451870522695668,0.4576271186440678,5.135593220338983,false,61.02,69.47,-8.45,-903.22,45.76
2024,POST,Nick Sirianni,PHI,247,4,0.46558704453441296,0.5534187672630037,-0.0878317227285907,0.5629392673717699,-9.735222283735691,0.14411288650657023,0.4331983805668016,5.882591093117409,false,46.56,55.34,-8.78,-973.52,43.32
2024,POST,Sean McDermott,BUF,193,3,0.47668393782383417,0.587463485934599,-0.11077954811076475,0.5560834033540185,-7.939946553018427,0.210617708469257,0.5077720207253886,5.818652849740933,false,47.67,58.75,-11.08,-793.99,50.78
2024,POST,Todd Bowles,TB,43,1,0.5348837209302325,0.6536844904218964,-0.11880076949166377,0.6294680459554806,-9.458432502524797,0.23348959241118353,0.5348837209302325,6.604651162790698,false,53.49,65.37,-11.88,-945.84,53.49
2024,POST,John Harbaugh,BAL,126,2,0.4444444444444444,0.591668682647157,-0.14722423820271244,0.5852142922166321,-14.076984777218765,0.24582317422338726,0.5238095238095238,7.0,false,44.44,59.17,-14.72,-1407.7,52.38
2025,POST,Matt LaFleur,GB,70,1,0.6857142857142857,0.6077425653519442,0.07797172036234164,0.5996276068900313,8.608667882425445,0.217744487005199,0.44285714285714284,6.014285714285714,false,68.57,60.77,7.8,860.87,44.29
2025,POST,Dave Canales,CAR,63,1,0.6984126984126984,0.6253305305698134,0.07308216784288502,0.6249424261706216,7.3470272242076815,-0.07389202366997207,0.42857142857142855,5.301587301587301,false,69.84,62.53,7.31,734.7,42.86
2025,REG,Jonathan Gannon,ARI,1068,17,0.697565543071161,0.6428858042906389,0.054679738780522055,0.6563221946261014,4.124334844505966,-0.011923025455760438,0.43164794007490637,5.188202247191011,true,69.76,64.29,5.47,412.43,43.16
2025,REG,Andy Reid,KC,1045,17,0.6564593301435406,0.6090071001287146,0.04745223001482597,0.6179076537275999,3.9508614214983853,0.03387396197725033,0.44401913875598087,5.228708133971292,true,65.65,60.9,4.75,395.09,44.4
2025,POST,Jim Harbaugh,LAC,59,1,0.7457627118644068,0.7020596707641463,0.04370304110026044,0.6990932395397607,4.666947232464612,-0.2542955205961964,0.423728813559322,3.5084745762711864,false,74.58,70.21,4.37,466.69,42.37
2025,REG,Sean Payton,DEN,1073,17,0.625349487418453,0.5906749403303021,0.03467454708815087,0.6096527738095663,1.5696713608886634,0.04781455307652335,0.4408201304753029,5.445479962721342,true,62.53,59.07,3.47,156.97,44.08
2025,REG,Mike Vrabel,NE,1011,17,0.6063303659742829,0.5720651606461329,0.03426520532815008,0.5797366061304078,2.659375984387511,0.1637594436081789,0.4846686449060336,6.41246290801187,true,60.63,57.21,3.43,265.94,48.47
2025,REG,Sean McVay,LA,1053,17,0.5925925925925926,0.5590368039844714,0.0335557886081212,0.5613533357443096,3.1239256848283077,0.1540012067608538,0.5194681861348528,6.400759734093067,true,59.26,55.9,3.36,312.39,51.95
2025,POST,DeMeco Ryans,HOU,137,2,0.635036496350365,0.603038720856753,0.031997775493611935,0.6308387224256558,0.41977739247092366,-0.16114443289606603,0.40875912408759124,4.737226277372263,false,63.5,60.3,3.2,41.98,40.88
2025,POST,Sean Payton,DEN,124,2,0.6935483870967742,0.6666874633510222,0.026860923745751955,0.6652665054125171,2.8281881684257137,-0.1282189148965784,0.3629032258064516,4.306451612903226,false,69.35,66.67,2.69,282.82,36.29
2025,REG,DeMeco Ryans,HOU,1069,17,0.6014967259120674,0.5771626995259193,0.024334026386148108,0.6107901276496106,-0.8357948042501123,-0.007893880548411562,0.41440598690364827,5.207670720299345,true,60.15,57.72,2.43,-83.58,41.44
2025,REG,Zac Taylor,CIN,1044,17,0.6580459770114943,0.6354628629833489,0.02258311402814544,0.6408926903687674,1.715328664272681,-0.007790194136622653,0.4549808429118774,5.3773946360153255,true,65.8,63.55,2.26,171.53,45.5
2025,REG,Liam Coen,JAX,1069,17,0.6024321796071095,0.5799121330550215,0.022520046552087933,0.5857759868957876,1.6656192711321856,0.0334633084255643,0.4452759588400374,5.380729653882133,true,60.24,57.99,2.25,166.56,44.53
2025,REG,Jim Harbaugh,LAC,1077,17,0.6323119777158774,0.6140521164779816,0.0182598612378958,0.6257040512505071,0.6607926465370307,-0.016162324513215552,0.43175487465181056,5.282265552460538,true,63.23,61.41,1.83,66.08,43.18
2025,REG,Shane Steichen,IND,999,17,0.5995995995995996,0.5836400530703291,0.01595954652927058,0.6061805932520626,-0.6580993652463079,0.08313666511937406,0.46646646646646645,5.891891891891892,true,59.96,58.36,1.6,-65.81,46.65
2025,REG,Kevin O'Connell,MIN,934,17,0.6113490364025695,0.5957346883141342,0.015614348088435353,0.6204754283504134,-0.9126391947843788,-0.10461317201191125,0.4282655246252677,5.0214132762312635,true,61.13,59.57,1.56,-91.26,42.83
2025,REG,Pete Carroll,LV,937,17,0.6382070437566703,0.6242532930195505,0.013953750737119764,0.6546204064156673,-1.6413362658997102,-0.20911404531719116,0.3767342582710779,4.454642475987193,true,63.82,62.43,1.4,-164.13,37.67
2025,POST,Kyle Shanahan,SF,115,2,0.6434782608695652,0.6297628315711804,0.013715429298384773,0.633801549932231,0.9676710937334143,-0.18807872634550996,0.41739130434782606,5.217391304347826,false,64.35,62.98,1.37,96.77,41.74
2025,REG,Mike Tomlin,PIT,973,17,0.6084275436793423,0.5990799632724274,0.009347580406914826,0.6146115034948824,-0.6183959815540148,0.026834794824716294,0.4398766700924974,5.348406988694759,true,60.84,59.91,0.93,-61.84,43.99
2025,REG,Kevin Stefanski,CLE,1023,17,0.624633431085044,0.6169713778191128,0.007662053265931177,0.661805333764468,-3.7171902679424016,-0.18585162852320714,0.3460410557184751,4.359726295210166,true,62.46,61.7,0.77,-371.72,34.6
2025,REG,Kyle Shanahan,SF,1060,17,0.5886792452830188,0.5854276996536596,0.0032515456293592433,0.5975086727794611,-0.8829427496442255,0.08906297793335125,0.4830188679245283,5.65377358490566,true,58.87,58.54,0.33,-88.29,48.3
2025,POST,Sean McDermott,BUF,138,2,0.6159420289855072,0.612861238614915,0.003080790370592115,0.6088054440375688,0.7136584947938505,0.15327944240248662,0.4927536231884058,5.731884057971015,false,61.59,61.29,0.31,71.37,49.28
2025,REG,Kellen Moore,NO,1060,17,0.6320754716981132,0.6306860566594037,0.00138941503870951,0.6615730748810577,-2.9497603182944485,-0.08013110753655595,0.4207547169811321,5.040566037735849,true,63.21,63.07,0.14,-294.98,42.08
2025,REG,Brian Daboll,NYG,633,10,0.6097946287519748,0.6102614264540994,-0.0004667977021247004,0.6278686621071885,-1.8074033355213832,-0.008507570481340605,0.41706161137440756,5.263823064770932,true,60.98,61.03,-0.05,-180.74,41.71
2025,POST,Mike Tomlin,PIT,56,1,0.6785714285714286,0.6812699732859783,-0.0026985447145496727,0.711993969976902,-3.3422541405473436,-0.544037545822413,0.2857142857142857,3.125,false,67.86,68.13,-0.27,-334.23,28.57
2025,POST,Liam Coen,JAX,54,1,0.6111111111111112,0.6160703336890768,-0.004959222577965638,0.5921445762117704,1.8966534899340735,0.027460529384001373,0.5185185185185185,6.648148148148148,false,61.11,61.61,-0.5,189.67,51.85
2025,REG,Mike McCoy,TEN,646,11,0.6377708978328174,0.6428873058078829,-0.0051164079750656045,0.6772694140961019,-3.949851626328455,-0.1249746917603629,0.37306501547987614,4.676470588235294,true,63.78,64.29,-0.51,-394.99,37.31
2025,REG,Brian Schottenheimer,DAL,1097,17,0.6207839562443026,0.6262523477649358,-0.005468391520633138,0.6287256119689593,-0.7941655724656614,0.10294435444951117,0.4667274384685506,6.084776663628077,true,62.08,62.63,-0.55,-79.42,46.67
2025,REG,Nick Sirianni,PHI,990,17,0.5787878787878787,0.5859676016595666,-0.007179722871687869,0.6021033184565228,-2.3315439668643956,0.029993228074079597,0.43232323232323233,5.363636363636363,true,57.88,58.6,-0.72,-233.15,43.23
2025,POST,Sean McVay,LA,204,3,0.6176470588235294,0.6268285157259698,-0.009181456902440328,0.6170334697281029,0.06135890954265408,0.14317299289773466,0.45098039215686275,6.044117647058823,false,61.76,62.68,-0.92,6.14,45.1
2025,POST,Mike Vrabel,NE,250,4,0.62,0.6301517790683804,-0.010151779068380346,0.6213531878888607,-0.13531878888607024,-0.1857345626592644,0.372,4.7,false,62.0,63.02,-1.02,-13.53,37.2
2025,REG,Brian Callahan,TEN,348,6,0.6724137931034483,0.6845165344893711,-0.012102741385922882,0.7080882101737219,-3.5674417070273696,-0.22207530407879342,0.3764367816091954,4.028735632183908,false,67.24,68.45,-1.21,-356.74,37.64
2025,REG,Todd Bowles,TB,1055,17,0.604739336492891,0.6233234467675791,-0.018584110274688075,0.6385017348832994,-3.3762398390408377,-0.0040853642355121265,0.4255924170616114,5.173459715639811,true,60.47,62.33,-1.86,-337.62,42.56
2025,REG,Ben Johnson,CHI,1083,17,0.5909510618651893,0.6193355274908043,-0.028384465625615057,0.6266132448855805,-3.5662183020391183,0.09305069163309963,0.46075715604801476,5.807017543859649,true,59.1,61.93,-2.84,-356.62,46.08
2025,REG,Matt LaFleur,GB,987,17,0.5592705167173252,0.5897584871243218,-0.03048797040699655,0.6018220721399591,-4.2551555422633855,0.12485745944341102,0.47821681864235055,5.745694022289767,true,55.93,58.98,-3.05,-425.52,47.82
2025,REG,Sean McDermott,BUF,1052,17,0.5551330798479087,0.5892493985007959,-0.03411631865288715,0.5886451829253154,-3.3512103077406667,0.15105635184201885,0.48954372623574144,6.106463878326996,true,55.51,58.92,-3.41,-335.12,48.95
2025,REG,Dave Canales,CAR,987,17,0.5896656534954408,0.6256309913265327,-0.03596533783109191,0.6484665181959594,-5.88008647005186,-0.02236351168666578,0.4336372847011145,5.112462006079028,true,58.97,62.56,-3.6,-588.01,43.36
2025,REG,Dan Quinn,WAS,969,17,0.5820433436532507,0.619894719727788,-0.037851376074537216,0.6232439466435904,-4.120060299033966,0.018658748243357854,0.4582043343653251,5.604747162022703,true,58.2,61.99,-3.79,-412.01,45.82
2025,REG,Raheem Morris,ATL,1030,17,0.5660194174757281,0.604901978559446,-0.03888256108371784,0.6276064122348879,-6.158699475915976,-0.01703437924123948,0.43786407766990293,5.512621359223301,true,56.6,60.49,-3.89,-615.87,43.79
2025,REG,Mike McDaniel,MIA,932,17,0.5686695278969958,0.610678181984176,-0.04200865408718031,0.6220165001820022,-5.3346972285006435,-0.007749519467737668,0.4227467811158798,5.490343347639485,true,56.87,61.07,-4.2,-533.47,42.27
2025,REG,Mike Macdonald,SEA,989,17,0.5237613751263903,0.5725797476318829,-0.048818372505492605,0.5902027136451283,-6.644133851873803,0.04304407716141596,0.4641051567239636,6.057633973710819,true,52.38,57.26,-4.88,-664.41,46.41
2025,POST,Mike Macdonald,SEA,187,3,0.5294117647058824,0.5789951184297447,-0.049583353723862314,0.577701066874645,-4.8289302168762624,0.1163105447617683,0.44385026737967914,5.411764705882353,false,52.94,57.9,-4.96,-482.89,44.39
2025,REG,Dan Campbell,DET,1046,17,0.5965583173996176,0.6474155541318394,-0.05085723673222181,0.6400149191656714,-4.345660176605385,0.09440062642485647,0.4541108986615679,6.075525812619503,true,59.66,64.74,-5.09,-434.57,45.41
2025,POST,Ben Johnson,CHI,158,2,0.620253164556962,0.6775634385577108,-0.05731027400074883,0.6733043658771093,-5.305120132014721,0.026882662167213595,0.4240506329113924,5.455696202531645,false,62.03,67.76,-5.73,-530.51,42.41
2025,REG,Aaron Glenn,NYJ,996,17,0.6104417670682731,0.6732680034984518,-0.06282623643017869,0.6953794834686511,-8.493771640037796,-0.128055902581144,0.4046184738955823,4.468875502008032,true,61.04,67.33,-6.28,-849.38,40.46
2025,REG,Mike Kafka,NYG,441,7,0.5396825396825397,0.6043736057150054,-0.06469106603246567,0.6258266085501161,-8.614406886757637,0.041243850644493284,0.42403628117913833,5.315192743764173,false,53.97,60.44,-6.47,-861.44,42.4
2025,REG,John Harbaugh,BAL,952,17,0.5262605042016807,0.610741040790947,-0.08448053658926633,0.6141816104093113,-8.79211062076306,0.04013824254223761,0.44642857142857145,5.945378151260504,true,52.63,61.07,-8.45,-879.21,44.64
2025,POST,Nick Sirianni,PHI,72,1,0.5138888888888888,0.6174141213616123,-0.1035252324727235,0.6354319249383278,-12.154303604943884,-0.04102145821338829,0.4305555555555556,4.263888888888889,false,51.39,61.74,-10.35,-1215.43,43.06
