season,offensive_play_caller,posteam,plays,games,head_coach_count,actual_pass_rate_pct,expected_pass_rate_pct,model_pass_oe_pct,nflverse_pass_oe_pct,mean_epa,success_rate_pct,mean_yards_gained,bootstrap_games,bootstrap_plays,observed_pass_oe,bootstrap_standard_error,ci_95_lower,ci_95_upper,probability_pass_heavy,probability_run_heavy,observed_pass_oe_pct,bootstrap_standard_error_pct,ci_95_lower_pct,ci_95_upper_pct,ci_excludes_zero,tendency_label,meets_minimum_sample
2018,Joe Philbin,GB,259,4,1,76.06,67.85,8.21,842.47,0.0368,43.24,5.17,4,259,0.082107,0.015932,0.049168,0.110988,1.0,0.0,8.21,1.59,4.92,11.1,true,pass-heavy,false
2018,Dirk Koetter,TB,66,1,1,74.24,66.57,7.67,779.22,-0.0776,50.0,7.59,1,66,0.076703,0.0,0.076703,0.076703,1.0,0.0,7.67,0.0,7.67,7.67,true,pass-heavy,false
2018,Randy Fichtner,PIT,1038,16,1,69.46,62.4,7.06,862.08,0.1028,47.21,6.23,16,1038,0.070559,0.017707,0.035371,0.104569,1.0,0.0,7.06,1.77,3.54,10.46,true,pass-heavy,true
2018,John DeFilippo,MIN,814,13,1,69.78,63.19,6.59,513.08,-0.0628,43.98,5.66,13,814,0.065923,0.016461,0.035584,0.099435,1.0,0.0,6.59,1.65,3.56,9.94,true,pass-heavy,true
2018,Mike McCarthy,GB,757,12,1,69.88,64.87,5.01,601.6,0.0526,46.1,6.04,12,757,0.050061,0.009732,0.03173,0.069848,1.0,0.0,5.01,0.97,3.17,6.98,true,pass-heavy,true
2018,Frank Reich,IND,1159,18,1,65.49,60.66,4.82,327.41,0.0652,47.97,5.95,18,1159,0.048244,0.017332,0.012446,0.080962,0.995,0.005,4.82,1.73,1.24,8.1,true,pass-heavy,true
2018,Scott Milanovich,JAX,276,5,1,63.41,58.64,4.77,58.95,-0.244,36.23,3.71,5,276,0.047704,0.036934,-0.015156,0.122907,0.878,0.122,4.77,3.69,-1.52,12.29,false,uncertain,false
2018,Andy Reid,KC,1104,18,1,65.04,61.01,4.03,835.36,0.2282,49.09,6.82,18,1104,0.040283,0.010101,0.021213,0.06085,1.0,0.0,4.03,1.01,2.12,6.08,true,pass-heavy,true
2018,Doug Pederson,PHI,1127,18,1,64.06,60.05,4.01,269.78,0.028,45.34,5.69,18,1127,0.040146,0.012939,0.014727,0.064776,0.9975,0.0025,4.01,1.29,1.47,6.48,true,pass-heavy,true
2018,Todd Monken,TB,973,15,1,69.17,66.01,3.16,473.24,0.0586,44.81,6.31,15,973,0.031578,0.014314,0.004491,0.058931,0.9885,0.0115,3.16,1.43,0.45,5.89,true,pass-heavy,true
2018,Steve Sarkisian,ATL,998,16,1,67.64,64.6,3.03,437.33,0.0822,46.49,6.24,16,998,0.030347,0.011269,0.007947,0.05236,0.996,0.004,3.03,1.13,0.79,5.24,true,pass-heavy,true
2018,Freddie Kitchens,CLE,448,8,1,61.83,59.33,2.5,212.43,0.1292,48.44,7.05,8,448,0.025006,0.025089,-0.020041,0.078449,0.8415,0.1585,2.5,2.51,-2.0,7.84,false,uncertain,false
2018,Nathaniel Hackett,JAX,721,11,1,64.91,62.58,2.33,9.49,-0.0651,42.58,5.29,11,721,0.023298,0.03576,-0.049542,0.089336,0.7455,0.2545,2.33,3.58,-4.95,8.93,false,uncertain,true
2018,Matt Nagy,CHI,1052,17,1,59.7,57.58,2.11,102.53,0.0382,45.44,5.59,17,1052,0.021138,0.016471,-0.011638,0.053249,0.907,0.093,2.11,1.65,-1.16,5.32,false,uncertain,true
2018,Norv Turner,CAR,992,16,1,62.7,61.17,1.53,120.25,0.0569,47.88,6.04,16,992,0.01527,0.017454,-0.017464,0.048937,0.81,0.19,1.53,1.75,-1.75,4.89,false,uncertain,true
2018,Bill O'Brien,HOU,1089,17,1,62.17,61.06,1.1,-18.75,0.0155,43.71,5.63,17,1089,0.01104,0.013812,-0.016714,0.037189,0.7835,0.2165,1.1,1.38,-1.67,3.72,false,uncertain,true
2018,Scott Linehan,DAL,1126,18,1,60.3,59.72,0.58,-203.9,0.0246,43.61,5.51,18,1126,0.00582,0.010196,-0.012418,0.026813,0.6985,0.3015,0.58,1.02,-1.24,2.68,false,uncertain,true
2018,Bill Lazor,CIN,927,16,1,64.62,64.42,0.2,-7.2,0.0001,42.5,5.37,16,927,0.00196,0.017348,-0.032678,0.034969,0.537,0.463,0.2,1.73,-3.27,3.5,false,uncertain,true
2018,Ken Whisenhunt,LAC,1056,18,1,60.61,60.58,0.03,60.99,0.1227,46.21,6.21,18,1056,0.000269,0.008121,-0.015692,0.016078,0.5215,0.4785,0.03,0.81,-1.57,1.61,false,uncertain,true
2018,Jay Gruden,WAS,954,16,1,61.95,62.04,-0.09,-202.19,-0.0706,42.35,5.03,16,954,-0.000876,0.014009,-0.028627,0.027141,0.4625,0.5375,-0.09,1.4,-2.86,2.71,false,uncertain,true
2018,Brian Daboll,BUF,994,16,1,59.66,60.07,-0.41,-422.99,-0.1415,37.83,4.79,16,994,-0.004146,0.018497,-0.042649,0.028897,0.436,0.564,-0.41,1.85,-4.26,2.89,false,uncertain,true
2018,Pat Shurmur,NYG,978,16,1,64.72,65.43,-0.7,-110.96,0.0177,39.98,5.83,16,978,-0.007045,0.011668,-0.030655,0.014357,0.282,0.718,-0.7,1.17,-3.07,1.44,false,uncertain,true
2018,Mike McCoy,ARI,361,7,1,63.71,64.53,-0.82,-373.14,-0.3194,35.46,4.31,7,361,-0.008205,0.013742,-0.037095,0.015618,0.2995,0.7005,-0.82,1.37,-3.71,1.56,false,uncertain,false
2018,Jon Gruden,LV,974,16,1,62.53,63.53,-1.0,-56.62,-0.0522,45.17,5.53,16,974,-0.009993,0.010595,-0.030377,0.012192,0.165,0.835,-1.0,1.06,-3.04,1.22,false,uncertain,true
2018,Todd Haley,CLE,556,8,1,64.21,65.26,-1.06,-156.38,-0.1213,37.23,4.93,8,556,-0.010557,0.00793,-0.025159,0.005627,0.0915,0.9085,-1.06,0.79,-2.52,0.56,false,uncertain,true
2018,Jim Bob Cooter,DET,1009,16,1,62.24,63.34,-1.1,-204.23,-0.0386,40.54,5.2,16,1009,-0.010987,0.012794,-0.035531,0.014636,0.18,0.82,-1.1,1.28,-3.55,1.46,false,uncertain,true
2018,Adam Gase,MIA,861,16,1,59.93,61.36,-1.43,-312.34,-0.0801,40.19,5.4,16,861,-0.014336,0.008517,-0.031638,0.001383,0.0345,0.9655,-1.43,0.85,-3.16,0.14,false,uncertain,true
2018,Bill Musgrave,DEN,1000,16,1,63.1,65.16,-2.06,-246.12,-0.0043,43.7,5.61,16,1000,-0.020616,0.01553,-0.050165,0.009633,0.096,0.904,-2.06,1.55,-5.02,0.96,false,uncertain,true
2018,Sean McVay,LA,1232,19,1,59.42,61.59,-2.17,40.74,0.13,49.76,6.38,19,1232,-0.021718,0.017874,-0.055537,0.013624,0.1235,0.8765,-2.17,1.79,-5.55,1.36,false,uncertain,true
2018,Kyle Shanahan,SF,981,16,1,60.35,62.9,-2.55,-282.83,-0.0373,43.83,5.9,16,981,-0.025539,0.014229,-0.051416,0.003925,0.043,0.957,-2.55,1.42,-5.14,0.39,false,uncertain,true
2018,Jeremy Bates,NYJ,952,16,1,60.82,63.5,-2.68,-424.7,-0.1167,37.29,5.04,16,952,-0.026793,0.016525,-0.057369,0.007291,0.064,0.936,-2.68,1.65,-5.74,0.73,false,uncertain,true
2018,Sean Payton,NO,1113,18,1,56.69,59.5,-2.8,-96.94,0.1341,48.7,6.11,18,1113,-0.028042,0.017204,-0.063221,0.004353,0.048,0.952,-2.8,1.72,-6.32,0.44,false,uncertain,true
2018,Byron Leftwich,ARI,526,9,1,62.17,65.11,-2.95,-620.4,-0.208,34.22,4.42,9,526,-0.029462,0.020889,-0.074617,0.006935,0.064,0.936,-2.95,2.09,-7.46,0.69,false,uncertain,true
2018,Josh McDaniels,NE,1286,19,1,56.3,60.36,-4.06,-90.21,0.0938,47.12,6.02,19,1286,-0.040601,0.019209,-0.076268,-0.001833,0.018,0.982,-4.06,1.92,-7.63,-0.18,true,run-heavy,true
2018,Matt LaFleur,TEN,927,16,1,55.88,60.54,-4.67,-749.84,-0.0216,42.72,5.4,16,927,-0.046654,0.021507,-0.089578,-0.006201,0.014,0.986,-4.67,2.15,-8.96,-0.62,true,run-heavy,true
2018,Marty Mornhinweg,BAL,1161,17,1,55.47,60.88,-5.42,-668.12,0.0205,44.96,5.38,17,1161,-0.05415,0.027883,-0.110721,-0.002344,0.0195,0.9805,-5.42,2.79,-11.07,-0.23,true,run-heavy,true
2018,Kevin Stefanski,MIN,171,3,1,53.8,61.11,-7.31,-920.48,-0.0861,40.35,5.4,3,171,-0.073054,0.030689,-0.137392,-0.008186,0.0,1.0,-7.31,3.07,-13.74,-0.82,true,run-heavy,false
2018,Brian Schottenheimer,SEA,1036,17,1,50.87,62.34,-11.47,-1185.92,0.0878,43.73,5.76,17,1036,-0.11468,0.012458,-0.136658,-0.088759,0.0,1.0,-11.47,1.25,-13.67,-8.88,true,run-heavy,true
2019,Chad O'Shea,MIA,1006,16,1,70.58,62.64,7.94,557.03,-0.098,40.46,4.94,16,1006,0.079398,0.016655,0.048331,0.112898,1.0,0.0,7.94,1.67,4.83,11.29,true,pass-heavy,true
2019,Scott Turner,CAR,277,4,1,73.65,66.67,6.98,398.41,-0.1214,46.93,4.96,4,277,0.069752,0.031631,0.001857,0.133964,0.9805,0.0195,6.98,3.16,0.19,13.4,true,pass-heavy,false
2019,Andy Reid,KC,1144,19,1,66.0,60.11,5.89,863.78,0.1619,47.12,6.42,19,1144,0.058902,0.00797,0.043177,0.074286,1.0,0.0,5.89,0.8,4.32,7.43,true,pass-heavy,true
2019,Dirk Koetter,ATL,1081,16,1,69.66,64.84,4.82,290.26,0.008,44.22,5.63,16,1081,0.048156,0.010677,0.027008,0.069392,1.0,0.0,4.82,1.07,2.7,6.94,true,pass-heavy,true
2019,Sean Payton,NO,1040,17,1,62.79,58.95,3.84,396.19,0.0901,47.4,6.08,17,1040,0.038423,0.011563,0.015544,0.061129,1.0,0.0,3.84,1.16,1.55,6.11,true,pass-heavy,true
2019,Matt LaFleur,GB,1108,18,1,63.72,60.69,3.03,276.72,0.0689,43.95,5.65,18,1108,0.030319,0.012487,0.006647,0.056013,0.997,0.003,3.03,1.25,0.66,5.6,true,pass-heavy,true
2019,Matt Nagy,CHI,1009,16,1,64.02,61.1,2.92,17.72,-0.0899,40.44,4.71,16,1009,0.029205,0.020442,-0.011501,0.069838,0.9195,0.0805,2.92,2.04,-1.15,6.98,false,uncertain,true
2019,John DeFilippo,JAX,1005,16,1,67.86,65.12,2.74,53.3,-0.0417,39.6,5.45,16,1005,0.027444,0.018099,-0.006391,0.064179,0.9415,0.0585,2.74,1.81,-0.64,6.42,false,uncertain,true
2019,Jay Gruden,WAS,279,5,1,70.61,68.01,2.6,151.57,-0.1753,39.78,5.05,5,279,0.025976,0.017251,-0.010172,0.056762,0.9165,0.0835,2.6,1.73,-1.02,5.68,false,uncertain,false
2019,Bill O'Brien,HOU,1141,18,1,63.63,61.35,2.27,164.78,0.0495,44.87,5.77,18,1141,0.022742,0.009547,0.003811,0.04076,0.992,0.008,2.27,0.95,0.38,4.08,true,pass-heavy,true
2019,Byron Leftwich,TB,1063,16,1,66.6,64.41,2.19,268.83,-0.0021,43.37,6.0,16,1063,0.021933,0.01468,-0.005404,0.051831,0.9405,0.0595,2.19,1.47,-0.54,5.18,false,uncertain,true
2019,Sean McVay,LA,1039,16,1,63.81,62.01,1.8,217.18,0.0158,44.75,5.79,16,1039,0.017967,0.017905,-0.019536,0.051409,0.8275,0.1725,1.8,1.79,-1.95,5.14,false,uncertain,true
2019,Ken Whisenhunt,LAC,474,8,1,68.14,66.36,1.78,145.39,0.0178,45.57,5.92,8,474,0.017834,0.015058,-0.009829,0.04935,0.8915,0.1085,1.78,1.51,-0.98,4.93,false,uncertain,false
2019,Norv Turner,CAR,789,12,1,64.64,62.87,1.77,87.98,-0.0661,41.7,5.2,12,789,0.017725,0.010976,-0.005087,0.037745,0.935,0.065,1.77,1.1,-0.51,3.77,false,uncertain,true
2019,Pat Shurmur,NYG,1003,16,1,67.5,65.85,1.65,124.67,-0.0623,41.58,5.4,16,1003,0.016503,0.011692,-0.005066,0.041357,0.92,0.08,1.65,1.17,-0.51,4.14,false,uncertain,true
2019,Kliff Kingsbury,ARI,982,16,1,64.15,62.66,1.5,46.43,0.015,42.77,5.58,16,982,0.01498,0.02188,-0.028131,0.056001,0.7305,0.2695,1.5,2.19,-2.81,5.6,false,uncertain,true
2019,Adam Gase,NYJ,933,16,1,62.06,60.99,1.07,-138.87,-0.1512,36.98,4.68,16,933,0.010721,0.016317,-0.020556,0.043846,0.7565,0.2435,1.07,1.63,-2.06,4.38,false,uncertain,true
2019,Rich Scangarello,DEN,939,16,1,60.17,59.26,0.91,-243.05,-0.0617,39.83,5.1,16,939,0.009117,0.016754,-0.023157,0.042983,0.725,0.275,0.91,1.68,-2.32,4.3,false,uncertain,true
2019,Josh McDaniels,NE,1136,17,1,60.48,59.95,0.53,6.77,-0.0149,41.81,5.27,17,1136,0.005301,0.016617,-0.027561,0.036247,0.626,0.374,0.53,1.66,-2.76,3.62,false,uncertain,true
2019,Randy Fichtner,PIT,916,16,1,60.92,60.42,0.5,-188.29,-0.1481,37.38,4.85,16,916,0.005004,0.022166,-0.037319,0.04867,0.5925,0.4075,0.5,2.22,-3.73,4.87,false,uncertain,true
2019,Darrell Bevell,DET,1006,16,1,63.32,63.25,0.07,-226.71,-0.0326,41.15,5.52,16,1006,0.000741,0.01349,-0.025886,0.026957,0.519,0.481,0.07,1.35,-2.59,2.7,false,uncertain,true
2019,Doug Pederson,PHI,1145,17,1,62.1,62.1,-0.01,-76.11,-0.0018,44.02,5.3,17,1145,-0.00008,0.013764,-0.027394,0.025088,0.5085,0.4915,-0.01,1.38,-2.74,2.51,false,uncertain,true
2019,Brian Daboll,BUF,1076,17,1,59.67,59.71,-0.04,-168.5,-0.0224,41.82,5.32,17,1076,-0.000418,0.01566,-0.031251,0.03131,0.488,0.512,-0.04,1.57,-3.13,3.13,false,uncertain,true
2019,Zac Taylor,CIN,1029,16,1,65.31,65.44,-0.14,-121.49,-0.1084,39.65,5.03,16,1029,-0.001363,0.019659,-0.039134,0.037758,0.4995,0.5005,-0.14,1.97,-3.91,3.78,false,uncertain,true
2019,Kellen Moore,DAL,1057,16,1,60.45,60.88,-0.42,-238.78,0.1217,49.01,6.54,16,1057,-0.004243,0.015147,-0.033463,0.026596,0.3885,0.6115,-0.42,1.51,-3.35,2.66,false,uncertain,true
2019,Freddie Kitchens,CLE,963,16,1,61.79,62.29,-0.5,-97.04,-0.0397,40.81,5.67,16,963,-0.005014,0.01244,-0.028042,0.020564,0.345,0.655,-0.5,1.24,-2.8,2.06,false,uncertain,true
2019,Shane Steichen,LAC,509,8,1,61.1,62.57,-1.47,-270.18,0.0515,47.74,6.05,8,509,-0.01467,0.015169,-0.046623,0.012189,0.1695,0.8305,-1.47,1.52,-4.66,1.22,false,uncertain,true
2019,Brian Schottenheimer,SEA,1137,18,1,60.16,61.85,-1.69,-145.0,0.0541,45.73,5.95,18,1137,-0.016885,0.014335,-0.04549,0.011109,0.117,0.883,-1.69,1.43,-4.55,1.11,false,uncertain,true
2019,Frank Reich,IND,996,16,1,57.83,60.07,-2.24,-534.4,0.0021,44.08,5.27,16,996,-0.022418,0.024358,-0.070242,0.023979,0.178,0.822,-2.24,2.44,-7.02,2.4,false,uncertain,true
2019,Jon Gruden,LV,970,16,1,57.73,60.48,-2.75,-378.84,0.0668,45.36,6.0,16,970,-0.027485,0.011405,-0.051147,-0.006321,0.0035,0.9965,-2.75,1.14,-5.11,-0.63,true,run-heavy,true
2019,Kevin O'Connell,WAS,594,11,1,58.25,61.54,-3.29,-693.2,-0.1134,38.38,5.04,11,594,-0.032922,0.023301,-0.082199,0.009467,0.0665,0.9335,-3.29,2.33,-8.22,0.95,false,uncertain,true
2019,Arthur Smith,TEN,1089,19,1,55.1,61.18,-6.09,-708.63,0.0744,45.45,6.15,19,1089,-0.060851,0.013473,-0.08874,-0.035264,0.0,1.0,-6.09,1.35,-8.87,-3.53,true,run-heavy,true
2019,Greg Roman,BAL,1121,17,1,51.2,57.3,-6.1,-679.83,0.1908,47.99,6.29,17,1121,-0.060954,0.013624,-0.0866,-0.034013,0.0,1.0,-6.1,1.36,-8.66,-3.4,true,run-heavy,true
2019,Kyle Shanahan,SF,1151,19,1,51.09,57.63,-6.55,-685.3,0.0881,45.44,6.2,19,1151,-0.065485,0.017593,-0.10006,-0.030682,0.0,1.0,-6.55,1.76,-10.01,-3.07,true,run-heavy,true
2019,Kevin Stefanski,MIN,1069,18,1,53.51,60.27,-6.76,-792.29,0.0415,41.53,5.78,18,1069,-0.067573,0.017286,-0.101542,-0.032928,0.0,1.0,-6.76,1.73,-10.15,-3.29,true,run-heavy,true
2020,Brian Daboll,BUF,1183,19,1,66.69,56.86,9.84,1023.09,0.1544,49.79,6.22,19,1183,0.098372,0.019797,0.057987,0.133954,1.0,0.0,9.84,1.98,5.8,13.4,true,pass-heavy,true
2020,Randy Fichtner,PIT,1101,17,1,67.39,59.84,7.55,711.31,0.0278,44.23,5.39,17,1101,0.075534,0.023672,0.030095,0.121373,0.9995,0.0005,7.55,2.37,3.01,12.14,true,pass-heavy,true
2020,Alex Van Pelt,CLE,62,1,1,58.06,50.55,7.52,449.5,0.2413,43.55,6.37,1,62,0.07518,0.0,0.07518,0.07518,1.0,0.0,7.52,0.0,7.52,7.52,true,pass-heavy,false
2020,Tim Kelly,HOU,925,16,2,70.92,64.83,6.09,560.88,0.1113,47.89,6.5,16,925,0.060874,0.015872,0.031342,0.092568,1.0,0.0,6.09,1.59,3.13,9.26,true,pass-heavy,true
2020,Andy Reid,KC,1224,19,1,67.65,62.6,5.05,1020.29,0.1842,50.41,6.46,19,1224,0.050462,0.018079,0.013055,0.085365,0.996,0.004,5.05,1.81,1.31,8.54,true,pass-heavy,true
2020,Chan Gailey,MIA,1002,16,1,62.08,57.92,4.16,298.55,0.0131,45.91,5.43,16,1002,0.041557,0.015228,0.011164,0.070544,0.997,0.003,4.16,1.52,1.12,7.05,true,pass-heavy,true
2020,Byron Leftwich,TB,1240,20,1,64.03,60.18,3.85,508.83,0.135,46.61,6.19,20,1240,0.038484,0.016764,0.006389,0.072885,0.9935,0.0065,3.85,1.68,0.64,7.29,true,pass-heavy,true
2020,Brian Schottenheimer,SEA,1056,17,1,66.19,62.62,3.57,586.59,0.0809,47.63,5.88,17,1056,0.035716,0.012333,0.011883,0.060472,0.9995,0.0005,3.57,1.23,1.19,6.05,true,pass-heavy,true
2020,Scott Turner,WAS,1103,17,1,65.28,62.47,2.81,108.86,-0.0547,41.34,4.97,17,1103,0.028074,0.012655,0.001838,0.051465,0.9805,0.0195,2.81,1.27,0.18,5.15,true,pass-heavy,true
2020,Matt Nagy,CHI,584,9,1,68.32,65.75,2.58,113.99,-0.0817,39.38,4.91,9,584,0.025755,0.01906,-0.011726,0.063141,0.9225,0.0775,2.58,1.91,-1.17,6.31,false,uncertain,true
2020,Doug Pederson,PHI,1054,16,1,67.36,65.6,1.76,66.63,-0.0815,40.61,5.08,16,1054,0.01758,0.013084,-0.008134,0.045103,0.916,0.084,1.76,1.31,-0.81,4.51,false,uncertain,true
2020,Zac Taylor,CIN,1026,16,1,63.16,61.59,1.57,36.85,-0.0444,43.66,4.99,16,1026,0.015661,0.02358,-0.032113,0.060052,0.738,0.262,1.57,2.36,-3.21,6.01,false,uncertain,true
2020,Jay Gruden,JAX,991,16,1,69.22,67.7,1.52,55.27,-0.0559,41.57,5.27,16,991,0.015233,0.011275,-0.007229,0.037016,0.9115,0.0885,1.52,1.13,-0.72,3.7,false,uncertain,true
2020,Matt LaFleur,GB,1100,18,1,59.82,58.64,1.18,313.51,0.2262,51.36,6.46,18,1100,0.011785,0.014791,-0.017584,0.040379,0.7885,0.2115,1.18,1.48,-1.76,4.04,false,uncertain,true
2020,Dirk Koetter,ATL,1064,16,2,64.29,63.18,1.1,95.19,0.0275,43.33,5.55,16,1064,0.011032,0.015272,-0.017344,0.043645,0.776,0.224,1.1,1.53,-1.73,4.36,false,uncertain,true
2020,Joe Brady,CAR,977,16,1,63.66,62.74,0.93,121.94,0.0072,45.14,5.73,16,977,0.009251,0.011822,-0.012791,0.033655,0.7795,0.2205,0.93,1.18,-1.28,3.37,false,uncertain,true
2020,Bill Lazor,CHI,495,8,1,61.01,60.6,0.41,-110.38,0.0163,47.07,5.42,8,495,0.004071,0.024919,-0.039026,0.055406,0.539,0.461,0.41,2.49,-3.9,5.54,false,uncertain,false
2020,Sean Ryan,DET,50,1,1,72.0,71.77,0.23,-91.9,-0.5909,28.0,3.72,1,50,0.002336,0.0,0.002336,0.002336,1.0,0.0,0.23,0.0,0.23,0.23,true,pass-heavy,false
2020,Jason Garrett,NYG,944,16,1,62.61,62.62,-0.02,-65.04,-0.0443,41.63,5.1,16,944,-0.00016,0.015198,-0.030642,0.029461,0.494,0.506,-0.02,1.52,-3.06,2.95,false,uncertain,true
2020,Darrell Bevell,DET,926,15,2,64.69,65.7,-1.02,-66.04,0.0338,45.25,5.86,15,926,-0.010157,0.012949,-0.034102,0.015973,0.22,0.78,-1.02,1.29,-3.41,1.6,false,uncertain,true
2020,Kellen Moore,DAL,1102,16,1,64.07,65.12,-1.05,-152.24,-0.034,45.74,5.4,16,1102,-0.010503,0.017313,-0.043861,0.022883,0.2705,0.7295,-1.05,1.73,-4.39,2.29,false,uncertain,true
2020,Shane Steichen,LAC,1110,16,1,61.62,62.74,-1.12,-161.81,0.0302,43.33,5.52,16,1110,-0.011214,0.017458,-0.045033,0.023025,0.2685,0.7315,-1.12,1.75,-4.5,2.3,false,uncertain,true
2020,Adam Gase,NYJ,378,6,1,65.87,67.08,-1.21,-274.13,-0.2317,36.24,4.39,6,378,-0.012116,0.019969,-0.05388,0.025957,0.251,0.749,-1.21,2.0,-5.39,2.6,false,uncertain,false
2020,Kliff Kingsbury,ARI,1063,16,1,60.77,62.22,-1.45,-112.92,0.0432,45.63,5.81,16,1063,-0.014531,0.015039,-0.044807,0.013782,0.164,0.836,-1.45,1.5,-4.48,1.38,false,uncertain,true
2020,Sean McVay,LA,1187,18,1,58.8,60.28,-1.48,-123.41,-0.0162,44.9,5.58,18,1187,-0.014796,0.017296,-0.048156,0.020157,0.1845,0.8155,-1.48,1.73,-4.82,2.02,false,uncertain,true
2020,Jon Gruden,LV,1020,16,1,59.02,61.65,-2.63,-235.73,0.0512,46.57,6.02,16,1020,-0.026315,0.015118,-0.054793,0.002836,0.0425,0.9575,-2.63,1.51,-5.48,0.28,false,uncertain,true
2020,Adam Gase / Dowell Loggains,NYJ,559,10,1,57.42,60.27,-2.84,-465.61,-0.08,42.93,5.05,10,559,-0.028423,0.019052,-0.063292,0.010106,0.072,0.928,-2.84,1.91,-6.33,1.01,false,uncertain,true
2020,Sean Payton,NO,1155,18,1,55.76,59.05,-3.3,-334.91,0.0694,47.53,5.82,18,1155,-0.032971,0.016202,-0.064277,-0.000895,0.024,0.976,-3.3,1.62,-6.43,-0.09,true,run-heavy,true
2020,Pat Shurmur,DEN,1009,16,1,60.56,64.06,-3.51,-563.09,-0.0854,39.05,5.34,16,1009,-0.035061,0.020098,-0.076707,0.001497,0.031,0.969,-3.51,2.01,-7.67,0.15,false,uncertain,true
2020,Kevin Stefanski,CLE,1060,17,1,55.09,58.75,-3.65,-333.04,0.092,46.42,5.88,17,1060,-0.036546,0.019335,-0.07527,0.000362,0.0275,0.9725,-3.65,1.93,-7.53,0.04,false,uncertain,true
2020,Kyle Shanahan,SF,1035,16,1,59.42,63.39,-3.97,-469.69,0.0098,46.09,5.73,16,1035,-0.039734,0.006378,-0.052383,-0.027547,0.0,1.0,-3.97,0.64,-5.24,-2.75,true,run-heavy,true
2020,Frank Reich,IND,1082,17,1,57.12,61.12,-4.0,-434.62,0.0874,46.12,6.04,17,1082,-0.040036,0.015965,-0.070439,-0.008733,0.008,0.992,-4.0,1.6,-7.04,-0.87,true,run-heavy,true
2020,Gary Kubiak,MIN,1011,16,1,56.28,62.51,-6.23,-472.82,0.0998,49.16,6.23,16,1011,-0.062322,0.014397,-0.088527,-0.033566,0.0,1.0,-6.23,1.44,-8.85,-3.36,true,run-heavy,true
2020,Arthur Smith,TEN,1061,17,1,52.4,62.33,-9.92,-916.81,0.168,49.67,6.2,17,1061,-0.099233,0.017056,-0.132609,-0.064274,0.0,1.0,-9.92,1.71,-13.26,-6.43,true,run-heavy,true
2020,Josh McDaniels,NE,961,16,1,51.82,62.06,-10.24,-1183.57,0.0028,46.31,5.46,16,961,-0.102394,0.020607,-0.140999,-0.061337,0.0,1.0,-10.24,2.06,-14.1,-6.13,true,run-heavy,true
2020,Greg Roman,BAL,1105,18,1,50.77,61.79,-11.02,-1018.73,0.1115,45.43,5.94,18,1105,-0.110164,0.016439,-0.140862,-0.07691,0.0,1.0,-11.02,1.64,-14.09,-7.69,true,run-heavy,true
2021,Byron Leftwich,TB,1259,19,1,68.31,60.93,7.37,801.67,0.1189,48.69,6.06,19,1259,0.073735,0.014019,0.045956,0.100909,1.0,0.0,7.37,1.4,4.6,10.09,true,pass-heavy,true
2021,Andy Reid,KC,1314,20,1,68.11,61.11,7.0,1012.62,0.1647,51.67,6.22,20,1314,0.070017,0.010633,0.04985,0.090769,1.0,0.0,7.0,1.06,4.98,9.08,true,pass-heavy,true
2021,Jason Garrett,NYG,604,10,1,66.56,62.4,4.16,350.99,-0.0657,41.23,5.36,10,604,0.041553,0.015869,0.010068,0.071209,0.993,0.007,4.16,1.59,1.01,7.12,true,pass-heavy,true
2021,Matt LaFleur,GB,1099,18,1,61.69,57.6,4.1,383.83,0.1259,48.13,5.91,18,1099,0.040957,0.013772,0.017643,0.07019,1.0,0.0,4.1,1.38,1.76,7.02,true,pass-heavy,true
2021,George Godsey,MIA,833,13,1,61.46,57.49,3.98,232.17,-0.0103,42.62,5.06,13,833,0.039792,0.019744,0.001946,0.080103,0.981,0.019,3.98,1.97,0.19,8.01,true,pass-heavy,true
2021,Joe Lombardi,LAC,1112,17,1,66.55,62.59,3.96,379.12,0.0922,47.48,5.98,17,1112,0.039569,0.013081,0.013723,0.06481,1.0,0.0,3.96,1.31,1.37,6.48,true,pass-heavy,true
2021,Brian Daboll,BUF,1231,19,1,64.74,61.45,3.29,408.39,0.1495,48.74,6.03,19,1231,0.032944,0.015859,0.001659,0.063352,0.983,0.017,3.29,1.59,0.17,6.34,true,pass-heavy,true
2021,Greg Olson,LV,1134,18,2,65.17,61.93,3.24,240.81,-0.0054,44.97,5.8,18,1134,0.032409,0.013951,0.005646,0.059584,0.9895,0.0105,3.24,1.4,0.56,5.96,true,pass-heavy,true
2021,George Godsey / Eric Studesville,MIA,243,4,1,70.78,67.65,3.14,208.69,-0.1685,37.45,4.16,4,243,0.031355,0.014014,0.005546,0.061059,0.9955,0.0045,3.14,1.4,0.55,6.11,true,pass-heavy,false
2021,Brian Schottenheimer,JAX,176,3,1,61.93,59.72,2.22,54.46,0.0149,46.59,5.45,3,176,0.022154,0.013407,-0.002857,0.054543,0.961,0.039,2.22,1.34,-0.29,5.45,false,uncertain,false
2021,Nick Sirianni,PHI,413,7,1,68.77,66.55,2.22,252.14,0.0304,46.97,5.9,7,413,0.022158,0.03826,-0.053599,0.097572,0.7225,0.2775,2.22,3.83,-5.36,9.76,false,uncertain,false
2021,Mike LaFleur,NYJ,1027,17,1,65.73,63.77,1.96,37.27,-0.0925,41.58,5.08,17,1027,0.019593,0.017385,-0.015061,0.053553,0.8695,0.1305,1.96,1.74,-1.51,5.36,false,uncertain,true
2021,Sean McVay,LA,1302,21,1,61.44,59.99,1.45,224.9,0.0665,45.62,6.04,21,1302,0.014549,0.011132,-0.008627,0.035235,0.906,0.094,1.45,1.11,-0.86,3.52,false,uncertain,true
2021,Jeff Nixon,CAR,325,5,1,67.38,66.06,1.33,-99.74,-0.217,38.15,4.23,5,325,0.013286,0.024788,-0.033709,0.060953,0.663,0.337,1.33,2.48,-3.37,6.1,false,uncertain,false
2021,Zac Taylor,CIN,1278,21,1,62.05,61.04,1.01,96.26,0.049,43.58,5.85,21,1278,0.010103,0.016776,-0.022883,0.042504,0.711,0.289,1.01,1.68,-2.29,4.25,false,uncertain,true
2021,Arthur Smith,ATL,989,17,1,63.6,62.62,0.98,-84.17,-0.091,40.55,5.22,17,989,0.009786,0.014962,-0.020507,0.038413,0.7435,0.2565,0.98,1.5,-2.05,3.84,false,uncertain,true
2021,Matt Canada,PIT,1159,18,1,64.8,64.29,0.51,-115.67,-0.0755,39.17,4.86,18,1159,0.005078,0.012181,-0.018376,0.029516,0.6685,0.3315,0.51,1.22,-1.84,2.95,false,uncertain,true
2021,Kellen Moore,DAL,1196,18,1,62.88,62.58,0.29,142.17,0.0885,46.66,6.05,18,1196,0.002938,0.02167,-0.036196,0.050598,0.553,0.447,0.29,2.17,-3.62,5.06,false,uncertain,true
2021,Matt Nagy,CHI,169,3,1,63.91,63.71,0.2,43.45,-0.2709,40.24,3.43,3,169,0.001958,0.010344,-0.022478,0.015725,0.7485,0.2515,0.2,1.03,-2.25,1.57,false,uncertain,false
2021,Kliff Kingsbury,ARI,1151,18,1,60.82,60.64,0.18,74.26,0.0706,46.74,5.7,18,1151,0.00178,0.012569,-0.022562,0.02492,0.54,0.46,0.18,1.26,-2.26,2.49,false,uncertain,true
2021,Joe Brady,CAR,763,12,1,60.42,60.48,-0.06,-75.32,-0.0824,42.33,4.87,12,763,-0.000643,0.014921,-0.032451,0.026927,0.506,0.494,-0.06,1.49,-3.25,2.69,false,uncertain,true
2021,Bill Lazor,CHI,889,14,1,61.53,61.65,-0.12,-268.77,-0.066,41.51,5.24,14,889,-0.001246,0.019828,-0.039608,0.03723,0.486,0.514,-0.12,1.98,-3.96,3.72,false,uncertain,true
2021,Anthony Lynn,DET,511,8,1,66.54,66.89,-0.36,-252.98,-0.0932,42.66,5.03,8,511,-0.003581,0.012456,-0.02769,0.021119,0.396,0.604,-0.36,1.25,-2.77,2.11,false,uncertain,true
2021,Tim Kelly,HOU,1001,17,1,61.14,61.56,-0.42,-343.79,-0.1379,37.36,4.73,17,1001,-0.00418,0.018257,-0.040425,0.030264,0.412,0.588,-0.42,1.83,-4.04,3.03,false,uncertain,true
2021,Darrell Bevell,JAX,842,14,2,66.03,67.3,-1.26,-266.26,-0.1087,43.47,5.04,14,842,-0.012643,0.016516,-0.043753,0.021632,0.212,0.788,-1.26,1.65,-4.38,2.16,false,uncertain,true
2021,Greg Roman,BAL,1166,17,1,63.12,64.48,-1.36,-125.96,0.016,46.66,5.53,17,1166,-0.013604,0.017219,-0.04824,0.020098,0.226,0.774,-1.36,1.72,-4.82,2.01,false,uncertain,true
2021,Shane Waldron,SEA,943,17,1,60.13,61.71,-1.59,-200.13,0.035,43.27,5.85,17,943,-0.015857,0.012398,-0.038649,0.009024,0.101,0.899,-1.59,1.24,-3.86,0.9,false,uncertain,true
2021,Scott Turner,WAS,1055,17,1,59.81,61.72,-1.91,-307.95,-0.0521,44.17,5.22,17,1055,-0.019141,0.015854,-0.051481,0.010703,0.1025,0.8975,-1.91,1.59,-5.15,1.07,false,uncertain,true
2021,Klint Kubiak,MIN,1067,17,1,60.45,62.52,-2.07,-234.26,0.0237,41.71,5.79,17,1067,-0.02072,0.011558,-0.042368,0.002273,0.037,0.963,-2.07,1.16,-4.24,0.23,false,uncertain,true
2021,Frank Reich,IND,1036,17,1,55.89,58.8,-2.92,-419.36,0.0583,44.4,5.71,17,1036,-0.029163,0.019676,-0.068807,0.008914,0.068,0.932,-2.92,1.97,-6.88,0.89,false,uncertain,true
2021,Josh McDaniels,NE,1090,18,1,56.79,59.77,-2.98,-508.74,0.0751,47.89,5.82,18,1090,-0.029806,0.031061,-0.09907,0.025431,0.158,0.842,-2.98,3.11,-9.91,2.54,false,uncertain,true
2021,Pat Shurmur,DEN,1029,17,1,58.5,62.11,-3.6,-479.26,0.0156,44.7,5.47,17,1029,-0.036028,0.012911,-0.060617,-0.010745,0.0035,0.9965,-3.6,1.29,-6.06,-1.07,true,run-heavy,true
2021,Kevin Stefanski,CLE,1037,17,1,57.57,61.94,-4.37,-488.86,0.0166,43.88,5.6,17,1037,-0.04371,0.01497,-0.072914,-0.013406,0.0035,0.9965,-4.37,1.5,-7.29,-1.34,true,run-heavy,true
2021,Freddie Kitchens,NYG,431,7,1,59.86,64.31,-4.45,-847.43,-0.2962,36.19,3.84,7,431,-0.044529,0.037368,-0.125249,0.018795,0.1015,0.8985,-4.45,3.74,-12.52,1.88,false,uncertain,false
2021,Sean Payton,NO,1034,17,1,55.8,60.37,-4.57,-628.2,-0.0694,40.81,5.02,17,1034,-0.045658,0.015442,-0.075287,-0.015455,0.001,0.999,-4.57,1.54,-7.53,-1.55,true,run-heavy,true
2021,Dan Campbell,DET,537,9,1,55.31,61.2,-5.89,-822.85,-0.0239,41.15,5.43,9,537,-0.058896,0.031148,-0.120948,-0.002352,0.021,0.979,-5.89,3.11,-12.09,-0.24,true,run-heavy,true
2021,Kyle Shanahan,SF,1188,20,1,53.96,60.79,-6.83,-709.21,0.0635,44.87,6.09,20,1188,-0.068315,0.015925,-0.0993,-0.036709,0.0,1.0,-6.83,1.59,-9.93,-3.67,true,run-heavy,true
2021,Todd Downing,TEN,1163,18,1,53.91,61.92,-8.01,-796.36,0.0209,44.54,5.32,18,1163,-0.080089,0.01173,-0.102496,-0.056123,0.0,1.0,-8.01,1.17,-10.25,-5.61,true,run-heavy,true
2021,Shane Steichen,PHI,704,11,1,48.01,58.11,-10.1,-1095.05,0.0914,46.16,5.73,11,704,-0.101019,0.01602,-0.130818,-0.068935,0.0,1.0,-10.1,1.6,-13.08,-6.89,true,run-heavy,true
2022,Andy Reid,KC,1258,20,1,66.85,57.11,9.74,1099.99,0.1901,50.48,6.45,20,1258,0.097413,0.015275,0.067623,0.126493,1.0,0.0,9.74,1.53,6.76,12.65,true,pass-heavy,true
2022,Zac Taylor,CIN,1212,19,1,66.5,57.54,8.96,812.22,0.0806,47.69,5.57,19,1212,0.089578,0.017624,0.055788,0.124832,1.0,0.0,8.96,1.76,5.58,12.48,true,pass-heavy,true
2022,Byron Leftwich,TB,1215,18,1,69.3,62.99,6.31,490.35,-0.0234,43.87,5.18,18,1215,0.063114,0.016361,0.031158,0.095838,1.0,0.0,6.31,1.64,3.12,9.58,true,pass-heavy,true
2022,Joe Lombardi,LAC,1200,18,1,68.17,62.28,5.89,464.88,0.0124,43.83,5.37,18,1200,0.058897,0.011952,0.035945,0.082313,1.0,0.0,5.89,1.2,3.59,8.23,true,pass-heavy,true
2022,Ken Dorsey,BUF,1143,18,1,65.79,60.32,5.47,609.63,0.1055,48.56,6.24,18,1143,0.054712,0.014884,0.026812,0.083596,1.0,0.0,5.47,1.49,2.68,8.36,true,pass-heavy,true
2022,Kevin O'Connell,MIN,1164,18,1,66.15,61.9,4.25,262.99,-0.0029,45.19,5.58,18,1164,0.042512,0.010259,0.022812,0.063267,1.0,0.0,4.25,1.03,2.28,6.33,true,pass-heavy,true
2022,Doug Pederson / Press Taylor,JAX,1184,19,1,62.33,59.7,2.63,49.77,0.0563,46.96,5.77,19,1184,0.026332,0.010546,0.005753,0.046674,0.994,0.006,2.63,1.05,0.58,4.67,true,pass-heavy,true
2022,Mike McDaniel,MIA,1057,18,1,65.0,62.48,2.51,250.44,0.0426,43.9,6.09,18,1057,0.025126,0.019078,-0.014191,0.061264,0.9005,0.0995,2.51,1.91,-1.42,6.13,false,uncertain,true
2022,Shane Waldron,SEA,1092,18,1,63.37,61.26,2.11,150.81,0.0087,44.6,5.78,18,1092,0.021118,0.019263,-0.016531,0.058535,0.8675,0.1325,2.11,1.93,-1.65,5.85,false,uncertain,true
2022,Frank Reich,IND,590,9,1,67.12,65.78,1.34,-110.82,-0.1531,40.17,4.81,9,590,0.013417,0.023031,-0.02669,0.063345,0.6945,0.3055,1.34,2.3,-2.67,6.33,false,uncertain,true
2022,Matt Patricia,NE,978,17,1,61.35,60.29,1.06,-98.09,-0.0453,41.0,5.51,17,978,0.010605,0.016772,-0.023618,0.043054,0.757,0.243,1.06,1.68,-2.36,4.31,false,uncertain,true
2022,Nathaniel Hackett,DEN,572,9,1,63.11,62.07,1.04,-15.89,-0.108,37.06,5.16,9,572,0.010428,0.016353,-0.019912,0.042079,0.7345,0.2655,1.04,1.64,-1.99,4.21,false,uncertain,true
2022,Kliff Kingsbury,ARI,1127,17,1,66.19,65.22,0.97,-142.14,-0.0797,40.73,4.89,17,1127,0.009701,0.011853,-0.012539,0.033913,0.802,0.198,0.97,1.19,-1.25,3.39,false,uncertain,true
2022,Pep Hamilton,HOU,1004,17,1,63.45,63.01,0.44,-230.46,-0.185,37.05,4.81,17,1004,0.004364,0.017193,-0.032809,0.034669,0.6025,0.3975,0.44,1.72,-3.28,3.47,false,uncertain,true
2022,Klint Kubiak,DEN,365,6,1,62.74,62.73,0.01,-363.98,-0.1366,39.45,4.95,6,365,0.000052,0.019187,-0.039108,0.037292,0.505,0.495,0.01,1.92,-3.91,3.73,false,uncertain,false
2022,Matt Canada,PIT,1095,17,1,58.36,58.57,-0.21,-360.51,0.0128,45.02,5.02,17,1095,-0.002111,0.014442,-0.030766,0.025276,0.398,0.602,-0.21,1.44,-3.08,2.53,false,uncertain,true
2022,Mike LaFleur,NYJ,1063,17,1,64.72,65.42,-0.7,-262.3,-0.0875,38.95,5.1,17,1063,-0.006993,0.011849,-0.030188,0.01595,0.2875,0.7125,-0.7,1.18,-3.02,1.6,false,uncertain,true
2022,Ben Johnson,DET,1073,17,1,58.25,59.41,-1.16,-164.23,0.0784,45.57,6.04,17,1073,-0.011638,0.014816,-0.039317,0.017546,0.2175,0.7825,-1.16,1.48,-3.93,1.75,false,uncertain,true
2022,Shane Steichen,PHI,1303,20,1,55.18,56.68,-1.5,-266.92,0.133,48.58,5.94,20,1303,-0.015031,0.018245,-0.052499,0.01918,0.197,0.803,-1.5,1.82,-5.25,1.92,false,uncertain,true
2022,Sean McVay,LA,984,17,1,62.09,63.92,-1.83,-284.85,-0.0852,41.16,4.86,17,984,-0.018307,0.015059,-0.048479,0.010472,0.1055,0.8945,-1.83,1.51,-4.85,1.05,false,uncertain,true
2022,Josh McDaniels,LV,1042,17,1,62.0,64.18,-2.19,-343.28,0.0068,43.38,5.76,17,1042,-0.021875,0.015476,-0.052945,0.007369,0.0755,0.9245,-2.19,1.55,-5.29,0.74,false,uncertain,true
2022,Matt LaFleur,GB,1030,17,1,58.74,61.06,-2.33,-334.07,0.014,45.83,5.59,17,1030,-0.023265,0.020481,-0.064013,0.013737,0.1375,0.8625,-2.33,2.05,-6.4,1.37,false,uncertain,true
2022,Parks Frazier,IND,501,8,1,57.68,60.32,-2.64,-653.61,-0.1565,39.92,4.93,8,501,-0.026378,0.018298,-0.065662,0.004723,0.0555,0.9445,-2.64,1.83,-6.57,0.47,false,uncertain,true
2022,Mike Kafka,NYG,1187,19,1,59.31,62.41,-3.1,-436.54,0.0373,44.99,5.35,19,1187,-0.031032,0.021855,-0.073429,0.010909,0.082,0.918,-3.1,2.19,-7.34,1.09,false,uncertain,true
2022,Justin Outten,DEN,127,2,1,56.69,59.81,-3.11,-525.77,0.0016,40.16,6.13,2,127,-0.031125,0.019567,-0.060451,-0.004021,0.0,1.0,-3.11,1.96,-6.05,-0.4,true,run-heavy,false
2022,Kyle Shanahan,SF,1197,20,1,53.63,56.92,-3.29,-487.82,0.0865,45.86,6.03,20,1197,-0.032865,0.016436,-0.065379,-0.00262,0.018,0.982,-3.29,1.64,-6.54,-0.26,true,run-heavy,true
2022,Greg Roman,BAL,1090,18,1,54.59,58.06,-3.48,-508.86,0.0051,45.14,5.64,18,1090,-0.034777,0.01541,-0.065702,-0.005939,0.0075,0.9925,-3.48,1.54,-6.57,-0.59,true,run-heavy,true
2022,Pete Carmichael,NO,997,17,1,56.37,60.03,-3.66,-666.88,-0.0354,45.64,5.7,17,997,-0.036644,0.019986,-0.076174,0.002139,0.032,0.968,-3.66,2.0,-7.62,0.21,false,uncertain,true
2022,Kellen Moore,DAL,1224,19,1,55.23,59.44,-4.21,-546.78,0.0355,45.1,5.52,19,1224,-0.042064,0.012296,-0.066356,-0.017728,0.0,1.0,-4.21,1.23,-6.64,-1.77,true,run-heavy,true
2022,Scott Turner,WAS,1125,17,1,55.82,61.0,-5.18,-744.33,-0.0726,40.53,5.0,17,1125,-0.051772,0.019612,-0.08921,-0.013027,0.003,0.997,-5.18,1.96,-8.92,-1.3,true,run-heavy,true
2022,Kevin Stefanski,CLE,1095,17,1,56.07,61.77,-5.7,-754.39,0.0177,44.11,5.43,17,1095,-0.056959,0.016215,-0.087601,-0.025288,0.0,1.0,-5.7,1.62,-8.76,-2.53,true,run-heavy,true
2022,Ben McAdoo,CAR,961,17,2,52.97,59.12,-6.15,-838.93,-0.0204,40.89,5.42,17,961,-0.061537,0.023609,-0.107898,-0.016134,0.003,0.997,-6.15,2.36,-10.79,-1.61,true,run-heavy,true
2022,Todd Downing,TEN,975,17,1,54.15,62.48,-8.33,-1057.64,-0.0472,41.13,5.19,17,975,-0.083275,0.021227,-0.126442,-0.044321,0.0,1.0,-8.33,2.12,-12.64,-4.43,true,run-heavy,true
2022,Arthur Smith,ATL,992,17,1,48.99,59.82,-10.83,-1356.83,0.0107,45.46,5.47,17,992,-0.108269,0.013259,-0.133451,-0.08106,0.0,1.0,-10.83,1.33,-13.35,-8.11,true,run-heavy,true
2022,Luke Getsy,CHI,971,17,1,51.91,63.48,-11.58,-1368.72,-0.0364,40.78,5.39,17,971,-0.115753,0.015134,-0.145251,-0.087256,0.0,1.0,-11.58,1.51,-14.53,-8.73,true,run-heavy,true
2023,Eric Bieniemy,WAS,1054,17,1,69.73,61.09,8.64,566.5,-0.1039,40.99,5.05,17,1054,0.086414,0.014989,0.053928,0.113584,1.0,0.0,8.64,1.5,5.39,11.36,true,pass-heavy,true
2023,Zac Taylor,CIN,1031,17,1,67.31,59.96,7.36,561.84,-0.0112,43.94,5.27,17,1031,0.073571,0.016608,0.04071,0.10547,1.0,0.0,7.36,1.66,4.07,10.55,true,pass-heavy,true
2023,Andy Reid,KC,1317,21,1,66.97,60.4,6.57,594.62,0.0361,43.74,5.73,21,1317,0.065688,0.01108,0.044293,0.087193,1.0,0.0,6.57,1.11,4.43,8.72,true,pass-heavy,true
2023,Nathaniel Hackett,NYJ,1039,17,1,66.7,60.27,6.43,-78.36,-0.2369,35.03,4.4,17,1039,0.064337,0.019543,0.025979,0.103278,0.999,0.001,6.43,1.95,2.6,10.33,true,pass-heavy,true
2023,Press Taylor,JAX,1094,17,1,64.53,59.75,4.79,277.63,-0.0649,42.14,5.29,17,1094,0.047867,0.010378,0.027821,0.068349,1.0,0.0,4.79,1.04,2.78,6.83,true,pass-heavy,true
2023,Kevin O'Connell,MIN,1058,17,1,66.92,62.33,4.59,239.51,-0.0349,42.53,5.6,17,1058,0.045877,0.011811,0.022196,0.069287,1.0,0.0,4.59,1.18,2.22,6.93,true,pass-heavy,true
2023,Kellen Moore,LAC,1093,17,2,65.32,61.41,3.91,83.94,-0.0742,40.99,5.13,17,1093,0.039108,0.020349,-0.000488,0.081732,0.974,0.026,3.91,2.03,-0.05,8.17,false,uncertain,true
2023,Mike McCarthy,DAL,1187,18,1,63.27,59.45,3.82,318.13,0.1043,47.94,5.77,18,1187,0.038214,0.013501,0.01331,0.065476,0.9995,0.0005,3.82,1.35,1.33,6.55,true,pass-heavy,true
2023,Ken Dorsey,BUF,604,10,1,64.24,60.59,3.65,443.83,0.1465,52.48,6.14,10,604,0.036485,0.023684,-0.011098,0.081625,0.9365,0.0635,3.65,2.37,-1.11,8.16,false,uncertain,true
2023,Dave Canales,TB,1152,19,1,63.11,59.9,3.21,-34.51,0.0021,40.62,5.36,19,1152,0.032095,0.016788,-0.001952,0.062923,0.97,0.03,3.21,1.68,-0.2,6.29,false,uncertain,true
2023,Bill O'Brien,NE,1013,17,1,61.8,59.15,2.65,-353.77,-0.1836,38.99,4.64,17,1013,0.026476,0.019859,-0.010589,0.066279,0.913,0.087,2.65,1.99,-1.06,6.63,false,uncertain,true
2023,Todd Monken,BAL,1181,19,1,57.83,55.23,2.6,6.48,0.0729,47.08,5.93,19,1181,0.025983,0.01493,-0.001872,0.056891,0.967,0.033,2.6,1.49,-0.19,5.69,false,uncertain,true
2023,Kevin Stefanski,CLE,1237,18,1,60.31,58.0,2.3,-304.7,-0.1427,38.8,4.89,18,1237,0.023025,0.018229,-0.013423,0.058533,0.8885,0.1115,2.3,1.82,-1.34,5.85,false,uncertain,true
2023,Mike Kafka,NYG,1040,17,1,63.94,61.71,2.23,-203.9,-0.1613,38.08,4.58,17,1040,0.022332,0.023761,-0.023143,0.069275,0.829,0.171,2.23,2.38,-2.31,6.93,false,uncertain,true
2023,Matt LaFleur,GB,1146,19,1,60.03,58.01,2.03,20.05,0.0842,45.03,5.79,19,1146,0.020255,0.011995,-0.004315,0.042872,0.9505,0.0495,2.03,1.2,-0.43,4.29,false,uncertain,true
2023,Bo Hardegree,LV,538,9,1,58.18,56.25,1.93,-303.23,-0.0568,39.78,5.17,9,538,0.019289,0.020537,-0.020085,0.060739,0.819,0.181,1.93,2.05,-2.01,6.07,false,uncertain,true
2023,Shane Waldron,SEA,979,17,1,64.56,62.73,1.82,38.58,0.0223,43.92,5.62,17,979,0.018242,0.012783,-0.006956,0.042769,0.922,0.078,1.82,1.28,-0.7,4.28,false,uncertain,true
2023,Josh McDaniels,LV,453,8,1,64.24,62.83,1.41,-92.08,-0.1435,43.05,4.76,8,453,0.014053,0.016147,-0.02015,0.042974,0.7985,0.2015,1.41,1.61,-2.02,4.3,false,uncertain,false
2023,Pete Carmichael,NO,1098,17,1,59.47,58.6,0.87,-266.02,-0.0175,41.89,5.24,17,1098,0.008701,0.013341,-0.019293,0.031545,0.7495,0.2505,0.87,1.33,-1.93,3.15,false,uncertain,true
2023,Mike McDaniel,MIA,1084,18,1,60.42,59.61,0.82,-43.93,0.1131,46.86,6.55,18,1084,0.008172,0.014321,-0.017461,0.037444,0.703,0.297,0.82,1.43,-1.75,3.74,false,uncertain,true
2023,Bobby Slowik,HOU,1157,19,1,61.71,61.48,0.23,-215.36,-0.0181,40.54,5.53,19,1157,0.002326,0.012367,-0.020721,0.026948,0.56,0.44,0.23,1.24,-2.07,2.69,false,uncertain,true
2023,Matt Canada,PIT,575,10,1,60.35,60.36,-0.01,-359.1,-0.1099,39.83,4.91,10,575,-0.000132,0.015876,-0.034401,0.029275,0.5095,0.4905,-0.01,1.59,-3.44,2.93,false,uncertain,true
2023,Sean McVay,LA,1140,18,1,59.04,59.12,-0.08,-233.77,0.0491,44.65,5.74,18,1140,-0.000836,0.016589,-0.033284,0.032038,0.4515,0.5485,-0.08,1.66,-3.33,3.2,false,uncertain,true
2023,Thomas Brown,CAR,561,9,2,60.43,61.23,-0.81,-682.99,-0.1993,36.01,4.1,9,561,-0.008069,0.027177,-0.05879,0.047285,0.3975,0.6025,-0.81,2.72,-5.88,4.73,false,uncertain,true
2023,Mike Sullivan,PIT,489,8,1,52.76,53.61,-0.85,-852.67,-0.0198,44.58,5.53,8,489,-0.008493,0.034166,-0.071638,0.059429,0.3985,0.6015,-0.85,3.42,-7.16,5.94,false,uncertain,false
2023,Brian Johnson,PHI,1154,18,1,59.88,60.86,-0.98,-93.96,0.0483,45.23,5.47,18,1154,-0.009803,0.018615,-0.047045,0.02601,0.3,0.7,-0.98,1.86,-4.7,2.6,false,uncertain,true
2023,Sean Payton,DEN,992,17,1,60.48,61.61,-1.12,-373.8,-0.0506,42.14,5.13,17,992,-0.011239,0.01041,-0.030925,0.009572,0.144,0.856,-1.12,1.04,-3.09,0.96,false,uncertain,true
2023,Shane Steichen,IND,1081,17,1,59.48,60.61,-1.13,-390.1,-0.0355,40.7,5.31,17,1081,-0.011308,0.021008,-0.05375,0.026228,0.299,0.701,-1.13,2.1,-5.38,2.62,false,uncertain,true
2023,Kyle Shanahan,SF,1189,20,1,55.51,56.72,-1.21,-176.64,0.1679,50.38,6.69,20,1189,-0.012066,0.0072,-0.025755,0.001944,0.0485,0.9515,-1.21,0.72,-2.58,0.19,false,uncertain,true
2023,Frank Reich,CAR,529,8,1,64.84,66.06,-1.22,-394.92,-0.1591,38.94,4.19,8,529,-0.012168,0.017767,-0.04712,0.023078,0.2465,0.7535,-1.22,1.78,-4.71,2.31,false,uncertain,true
2023,Tim Kelly,TEN,977,17,1,58.85,60.42,-1.57,-503.32,-0.0282,39.82,5.02,17,977,-0.015704,0.016689,-0.047257,0.016752,0.183,0.817,-1.57,1.67,-4.73,1.68,false,uncertain,true
2023,Ben Johnson,DET,1301,20,1,58.34,60.13,-1.79,-263.49,0.0851,47.04,6.08,20,1301,-0.017942,0.020459,-0.055365,0.024734,0.1945,0.8055,-1.79,2.05,-5.54,2.47,false,uncertain,true
2023,Luke Getsy,CHI,1083,17,1,57.06,59.44,-2.37,-486.28,-0.0459,41.92,5.09,17,1083,-0.023729,0.013482,-0.050549,0.001253,0.0335,0.9665,-2.37,1.35,-5.05,0.13,false,uncertain,true
2023,Joe Brady,BUF,628,9,1,54.3,56.83,-2.53,-388.16,0.1002,46.66,5.44,9,628,-0.025316,0.022492,-0.073119,0.016976,0.1185,0.8815,-2.53,2.25,-7.31,1.7,false,uncertain,true
2023,Arthur Smith,ATL,1071,17,1,55.93,59.27,-3.34,-943.79,-0.0823,41.36,5.31,17,1071,-0.033395,0.016318,-0.06505,-0.00143,0.019,0.981,-3.34,1.63,-6.5,-0.14,true,run-heavy,true
2023,Drew Petzing,ARI,1053,17,1,59.73,63.21,-3.47,-616.61,-0.0548,40.93,5.24,17,1053,-0.034744,0.012182,-0.058251,-0.010541,0.0025,0.9975,-3.47,1.22,-5.83,-1.05,true,run-heavy,true
2024,Zac Taylor,CIN,1064,17,1,67.76,59.22,8.54,826.79,0.093,47.37,5.85,17,1064,0.085404,0.01478,0.055435,0.112256,1.0,0.0,8.54,1.48,5.54,11.23,true,pass-heavy,true
2024,Andy Reid,KC,1223,20,1,64.19,57.95,6.23,571.14,0.0625,47.34,5.29,20,1223,0.062334,0.013271,0.036776,0.087538,1.0,0.0,6.23,1.33,3.68,8.75,true,pass-heavy,true
2024,Scott Turner,LV,503,8,1,68.39,63.47,4.92,179.04,-0.045,42.15,5.26,8,503,0.049166,0.019599,0.013501,0.088012,0.9975,0.0025,4.92,1.96,1.35,8.8,true,pass-heavy,true
2024,Nathaniel Hackett,NYJ,314,5,1,67.52,62.61,4.91,256.6,-0.0778,41.72,4.57,5,314,0.049087,0.021635,0.002776,0.084822,0.9835,0.0165,4.91,2.16,0.28,8.48,true,pass-heavy,false
2024,Todd Downing,NYJ,690,12,1,65.65,60.99,4.67,237.48,0.0164,42.9,5.57,12,690,0.046661,0.017497,0.012548,0.081422,0.9995,0.0005,4.67,1.75,1.25,8.14,true,pass-heavy,true
2024,Kevin O'Connell,MIN,1095,18,1,61.64,57.0,4.64,365.46,0.005,45.39,5.65,18,1095,0.046419,0.012074,0.020944,0.069374,1.0,0.0,4.64,1.21,2.09,6.94,true,pass-heavy,true
2024,Kevin Stefanski,CLE,440,7,1,70.0,65.92,4.08,198.69,-0.1696,34.55,4.05,7,440,0.040841,0.022277,-0.004388,0.083073,0.964,0.036,4.08,2.23,-0.44,8.31,false,uncertain,false
2024,Ryan Grubb,SEA,1008,17,1,66.47,62.86,3.61,218.46,-0.0129,44.25,5.61,17,1008,0.036054,0.016832,0.005047,0.069534,0.9895,0.0105,3.61,1.68,0.5,6.95,true,pass-heavy,true
2024,Sean Payton,DEN,1077,18,1,62.4,59.05,3.35,35.52,0.0172,42.8,5.35,18,1077,0.033454,0.014611,0.004378,0.060856,0.9915,0.0085,3.35,1.46,0.44,6.09,true,pass-heavy,true
2024,Ken Dorsey,CLE,670,10,1,67.61,64.79,2.82,-52.95,-0.188,38.51,4.98,10,670,0.028174,0.015914,-0.004122,0.058983,0.957,0.043,2.82,1.59,-0.41,5.9,false,uncertain,true
2024,Bobby Slowik,HOU,1174,19,1,63.2,60.7,2.51,66.44,-0.0387,39.61,5.29,19,1174,0.025074,0.015506,-0.004118,0.056868,0.9505,0.0495,2.51,1.55,-0.41,5.69,false,uncertain,true
2024,Greg Roman,LAC,1044,18,1,59.39,58.28,1.1,-126.55,0.0129,41.57,5.56,18,1044,0.011027,0.012093,-0.014477,0.033195,0.8065,0.1935,1.1,1.21,-1.45,3.32,false,uncertain,true
2024,Liam Coen,TB,1118,18,1,60.38,59.38,0.99,-24.47,0.1456,49.91,6.34,18,1118,0.009924,0.017506,-0.022153,0.047089,0.706,0.294,0.99,1.75,-2.22,4.71,false,uncertain,true
2024,Luke Getsy,LV,541,9,1,65.8,64.82,0.99,-287.58,-0.2045,39.37,4.67,9,541,0.009865,0.017715,-0.021838,0.048781,0.7095,0.2905,0.99,1.77,-2.18,4.88,false,uncertain,true
2024,Kliff Kingsbury,WAS,1298,20,1,60.17,59.47,0.7,26.74,0.1334,47.77,5.77,20,1298,0.006967,0.012907,-0.017601,0.030976,0.707,0.293,0.7,1.29,-1.76,3.1,false,uncertain,true
2024,Thomas Brown,CHI,483,8,2,67.49,66.82,0.68,-116.15,-0.0281,41.41,4.81,8,483,0.006752,0.020637,-0.033645,0.044975,0.6135,0.3865,0.68,2.06,-3.36,4.5,false,uncertain,false
2024,Alex Van Pelt,NE,1012,17,1,62.75,62.55,0.19,-279.53,-0.0659,42.49,4.91,17,1012,0.001945,0.015095,-0.025642,0.03274,0.5635,0.4365,0.19,1.51,-2.56,3.27,false,uncertain,true
2024,Mike McCarthy,DAL,1087,17,1,62.93,62.95,-0.03,-225.95,-0.0998,40.85,5.13,17,1087,-0.000285,0.012621,-0.02391,0.024351,0.485,0.515,-0.03,1.26,-2.39,2.44,false,uncertain,true
2024,Dave Canales,CAR,984,17,1,63.62,63.8,-0.18,-221.52,-0.0525,41.36,5.16,17,984,-0.001795,0.013789,-0.029103,0.024793,0.4205,0.5795,-0.18,1.38,-2.91,2.48,false,uncertain,true
2024,Mike McDaniel,MIA,1064,17,1,61.56,62.08,-0.52,-214.16,-0.0237,44.64,5.2,17,1064,-0.005223,0.026183,-0.055196,0.045066,0.458,0.542,-0.52,2.62,-5.52,4.51,false,uncertain,true
2024,Drew Petzing,ARI,1022,17,1,59.98,60.72,-0.74,-224.38,0.0801,47.46,5.97,17,1022,-0.007361,0.01952,-0.047703,0.029138,0.351,0.649,-0.74,1.95,-4.77,2.91,false,uncertain,true
2024,Brian Daboll,NYG,1043,17,1,63.57,64.48,-0.92,-345.45,-0.1032,40.75,4.82,17,1043,-0.009182,0.015886,-0.039683,0.022327,0.296,0.704,-0.92,1.59,-3.97,2.23,false,uncertain,true
2024,Press Taylor,JAX,981,17,1,61.57,62.49,-0.92,-329.88,-0.0142,41.49,5.31,17,981,-0.009162,0.012423,-0.034912,0.014605,0.2125,0.7875,-0.92,1.24,-3.49,1.46,false,uncertain,true
2024,Kyle Shanahan,SF,1010,17,1,60.5,61.98,-1.49,-209.46,0.0727,46.24,6.34,17,1010,-0.014876,0.015464,-0.046323,0.013299,0.1665,0.8335,-1.49,1.55,-4.63,1.33,false,uncertain,true
2024,Shane Waldron,CHI,563,9,1,62.88,64.58,-1.7,-324.26,-0.1017,38.9,4.46,9,563,-0.016996,0.013509,-0.045048,0.008587,0.0985,0.9015,-1.7,1.35,-4.5,0.86,false,uncertain,true
2024,Sean McVay,LA,1140,19,1,58.95,60.68,-1.73,-292.38,0.0174,46.75,5.57,19,1140,-0.017291,0.015818,-0.048769,0.012308,0.1335,0.8665,-1.73,1.58,-4.88,1.23,false,uncertain,true
2024,Klint Kubiak,NO,1020,17,2,60.2,62.78,-2.58,-516.99,-0.0527,40.78,5.34,17,1020,-0.025824,0.020279,-0.068609,0.010155,0.094,0.906,-2.58,2.03,-6.86,1.02,false,uncertain,true
2024,Brian Callahan,TEN,1017,17,1,60.18,63.17,-2.99,-649.04,-0.096,40.02,5.08,17,1017,-0.029936,0.018003,-0.064245,0.005511,0.0495,0.9505,-2.99,1.8,-6.42,0.55,false,uncertain,true
2024,Joe Brady,BUF,1196,20,1,56.02,59.04,-3.02,-295.05,0.1944,47.99,6.06,20,1196,-0.030169,0.016481,-0.062234,0.003107,0.038,0.962,-3.02,1.65,-6.22,0.31,false,uncertain,true
2024,Arthur Smith,PIT,1102,18,1,56.26,59.44,-3.18,-521.79,-0.0151,40.65,5.19,18,1102,-0.031813,0.014476,-0.0585,-0.00271,0.0165,0.9835,-3.18,1.45,-5.85,-0.27,true,run-heavy,true
2024,Ben Johnson,DET,1162,18,1,54.99,59.26,-4.27,-351.57,0.1647,50.52,6.46,18,1162,-0.042682,0.01362,-0.069968,-0.017474,0.0,1.0,-4.27,1.36,-7.0,-1.75,true,run-heavy,true
2024,Shane Steichen,IND,1025,17,1,55.32,61.22,-5.9,-833.68,-0.0411,40.49,5.56,17,1025,-0.058988,0.018244,-0.096637,-0.023501,0.0,1.0,-5.9,1.82,-9.66,-2.35,true,run-heavy,true
2024,Zac Robinson,ATL,1061,17,1,55.98,62.11,-6.13,-776.17,0.048,48.44,5.94,17,1061,-0.061292,0.016419,-0.092638,-0.026817,0.0,1.0,-6.13,1.64,-9.26,-2.68,true,run-heavy,true
2024,Kellen Moore,PHI,1330,21,1,48.8,56.15,-7.35,-885.58,0.126,44.96,5.8,21,1330,-0.073482,0.016391,-0.103558,-0.039646,0.0,1.0,-7.35,1.64,-10.36,-3.96,true,run-heavy,true
2024,Matt LaFleur,GB,1071,18,1,51.91,59.58,-7.66,-822.26,0.0743,45.1,6.18,18,1071,-0.076641,0.018628,-0.115508,-0.04326,0.0,1.0,-7.66,1.86,-11.55,-4.33,true,run-heavy,true
2024,Todd Monken,BAL,1157,19,1,51.6,60.15,-8.55,-798.54,0.2389,50.56,7.0,19,1157,-0.08549,0.014255,-0.115314,-0.058589,0.0,1.0,-8.55,1.43,-11.53,-5.86,true,run-heavy,true
2025,Drew Petzing,ARI,1068,17,1,69.76,64.29,5.47,412.43,-0.0119,43.16,5.19,17,1068,0.05468,0.012002,0.027737,0.075357,1.0,0.0,5.47,1.2,2.77,7.54,true,pass-heavy,true
2025,Andy Reid,KC,1045,17,1,65.65,60.9,4.75,395.09,0.0339,44.4,5.23,17,1045,0.047452,0.01659,0.013954,0.079148,0.997,0.003,4.75,1.66,1.4,7.91,true,pass-heavy,true
2025,Sean Payton,DEN,1197,19,1,63.24,59.85,3.39,170.0,0.0296,43.27,5.33,19,1197,0.033865,0.011654,0.010663,0.05591,0.998,0.002,3.39,1.17,1.07,5.59,true,pass-heavy,true
2025,Sean McVay,LA,1257,20,1,59.67,57.0,2.66,262.69,0.1522,50.84,6.34,20,1257,0.02662,0.012943,0.003521,0.053837,0.988,0.012,2.66,1.29,0.35,5.38,true,pass-heavy,true
2025,Josh McDaniels,NE,1261,21,1,60.9,58.36,2.55,210.53,0.0945,46.23,6.07,21,1261,0.025459,0.013967,-0.003277,0.05282,0.964,0.036,2.55,1.4,-0.33,5.28,false,uncertain,true
2025,Nick Caley,HOU,1206,19,1,60.53,58.01,2.52,-69.32,-0.0253,41.38,5.15,19,1206,0.025205,0.011575,0.002797,0.047963,0.985,0.015,2.52,1.16,0.28,4.8,true,pass-heavy,true
2025,Zac Taylor,CIN,1044,17,1,65.8,63.55,2.26,171.53,-0.0078,45.5,5.38,17,1044,0.022583,0.013157,-0.004199,0.046659,0.952,0.048,2.26,1.32,-0.42,4.67,false,uncertain,true
2025,Liam Coen,JAX,1123,18,1,60.28,58.17,2.12,167.67,0.0332,44.88,5.44,18,1123,0.021199,0.011391,-0.00043,0.043672,0.973,0.027,2.12,1.14,-0.04,4.37,false,uncertain,true
2025,Greg Roman,LAC,1136,18,1,63.82,61.86,1.96,86.89,-0.0285,43.13,5.19,18,1136,0.019581,0.015826,-0.01143,0.048991,0.8895,0.1105,1.96,1.58,-1.14,4.9,false,uncertain,true
2025,Chip Kelly,LV,635,11,1,64.72,62.86,1.87,-6.57,-0.1851,39.53,4.67,11,635,0.018688,0.028723,-0.039783,0.071965,0.747,0.253,1.87,2.87,-3.98,7.2,false,uncertain,true
2025,Shane Steichen,IND,999,17,1,59.96,58.36,1.6,-65.81,0.0831,46.65,5.89,17,999,0.01596,0.015216,-0.012481,0.047526,0.8485,0.1515,1.6,1.52,-1.25,4.75,false,uncertain,true
2025,Kevin O'Connell,MIN,934,17,1,61.13,59.57,1.56,-91.26,-0.1046,42.83,5.02,17,934,0.015614,0.013626,-0.01201,0.040773,0.854,0.146,1.56,1.36,-1.2,4.08,false,uncertain,true
2025,Tommy Rees,CLE,515,9,1,60.39,59.31,1.08,-398.51,-0.1932,35.53,4.56,9,515,0.010811,0.016025,-0.018466,0.042736,0.7295,0.2705,1.08,1.6,-1.85,4.27,false,uncertain,true
2025,Arthur Smith,PIT,1029,18,1,61.22,60.36,0.87,-76.66,-0.0042,43.15,5.23,18,1029,0.008692,0.015059,-0.021326,0.038489,0.708,0.292,0.87,1.51,-2.13,3.85,false,uncertain,true
2025,Kevin Stefanski,CLE,508,8,1,64.57,64.12,0.45,-344.56,-0.1784,33.66,4.15,8,508,0.00447,0.013587,-0.022247,0.029884,0.6445,0.3555,0.45,1.36,-2.22,2.99,false,uncertain,true
2025,Kyle Shanahan,SF,1175,19,1,59.4,58.98,0.43,-70.18,0.0619,47.66,5.61,19,1175,0.004276,0.014583,-0.024919,0.031552,0.6165,0.3835,0.43,1.46,-2.49,3.16,false,uncertain,true
2025,Greg Olson,LV,302,6,1,61.92,61.52,0.4,-495.44,-0.2597,33.77,4.01,6,302,0.003999,0.02753,-0.039089,0.060066,0.5925,0.4075,0.4,2.75,-3.91,6.01,false,uncertain,false
2025,Kellen Moore,NO,1060,17,1,63.21,63.07,0.14,-294.98,-0.0801,42.08,5.04,17,1060,0.001389,0.016335,-0.028952,0.033933,0.52,0.48,0.14,1.63,-2.9,3.39,false,uncertain,true
2025,Bo Hardegree,TEN,810,14,2,64.94,65.31,-0.38,-399.81,-0.1436,37.65,4.64,14,810,-0.003756,0.015302,-0.032202,0.026015,0.4095,0.5905,-0.38,1.53,-3.22,2.6,false,uncertain,true
2025,Brian Schottenheimer,DAL,1097,17,1,62.08,62.63,-0.55,-79.42,0.1029,46.67,6.08,17,1097,-0.005468,0.010972,-0.027249,0.015862,0.3325,0.6675,-0.55,1.1,-2.72,1.59,false,uncertain,true
2025,Kevin Patullo,PHI,1062,18,1,57.44,58.81,-1.37,-299.75,0.0252,43.22,5.29,18,1062,-0.013712,0.020107,-0.050536,0.027266,0.2535,0.7465,-1.37,2.01,-5.05,2.73,false,uncertain,true
2025,Josh Grizzard,TB,1055,17,1,60.47,62.33,-1.86,-337.62,-0.0041,42.56,5.17,17,1055,-0.018584,0.020031,-0.058187,0.020481,0.17,0.83,-1.86,2.0,-5.82,2.05,false,uncertain,true
2025,Matt LaFleur,GB,1057,18,1,56.76,59.09,-2.33,-340.32,0.131,47.59,5.76,18,1057,-0.023305,0.018213,-0.06151,0.010141,0.1035,0.8965,-2.33,1.82,-6.15,1.01,false,uncertain,true
2025,Brian Callahan,TEN,184,3,1,65.22,67.65,-2.43,-301.43,-0.2266,36.41,3.62,3,184,-0.024318,0.016445,-0.051619,0.012801,0.0395,0.9605,-2.43,1.64,-5.16,1.28,false,uncertain,false
2025,Dan Campbell,DET,567,9,1,63.67,66.29,-2.63,-255.35,0.084,44.62,6.25,9,567,-0.026258,0.02975,-0.089888,0.026733,0.178,0.822,-2.63,2.97,-8.99,2.67,false,uncertain,true
2025,Mike Kafka,NYG,1074,17,2,58.1,60.78,-2.68,-460.25,0.0119,41.99,5.28,17,1074,-0.026838,0.019295,-0.064733,0.01099,0.0895,0.9105,-2.68,1.93,-6.47,1.1,false,uncertain,true
2025,Dave Canales,CAR,1050,18,1,59.62,62.56,-2.94,-508.65,-0.0255,43.33,5.12,18,1050,-0.029422,0.020475,-0.068784,0.012109,0.0785,0.9215,-2.94,2.05,-6.88,1.21,false,uncertain,true
2025,Joe Brady,BUF,1190,19,1,56.22,59.2,-2.98,-287.98,0.1513,48.99,6.06,19,1190,-0.029803,0.013357,-0.056316,-0.004849,0.0105,0.9895,-2.98,1.34,-5.63,-0.48,true,run-heavy,true
2025,Ben Johnson,CHI,1241,19,1,59.47,62.67,-3.21,-378.76,0.0846,45.61,5.76,19,1241,-0.032067,0.007913,-0.047216,-0.015987,0.0,1.0,-3.21,0.79,-4.72,-1.6,true,run-heavy,true
2025,Kliff Kingsbury,WAS,969,17,1,58.2,61.99,-3.79,-412.01,0.0187,45.82,5.6,17,969,-0.037851,0.017948,-0.072189,-0.002305,0.019,0.981,-3.79,1.79,-7.22,-0.23,true,run-heavy,true
2025,Zac Robinson,ATL,1030,17,1,56.6,60.49,-3.89,-615.87,-0.017,43.79,5.51,17,1030,-0.038883,0.012983,-0.064386,-0.01425,0.0015,0.9985,-3.89,1.3,-6.44,-1.42,true,run-heavy,true
2025,Mike McDaniel,MIA,932,17,1,56.87,61.07,-4.2,-533.47,-0.0077,42.27,5.49,17,932,-0.042009,0.01372,-0.067789,-0.014125,0.003,0.997,-4.2,1.37,-6.78,-1.41,true,run-heavy,true
2025,Klint Kubiak,SEA,1176,20,1,52.47,57.36,-4.89,-635.55,0.0547,46.09,5.95,20,1176,-0.04894,0.013071,-0.074626,-0.023368,0.0,1.0,-4.89,1.31,-7.46,-2.34,true,run-heavy,true
2025,Tanner Engstrand,NYJ,996,17,1,61.04,67.33,-6.28,-849.38,-0.1281,40.46,4.47,17,996,-0.062826,0.019103,-0.100338,-0.027455,0.0,1.0,-6.28,1.91,-10.03,-2.75,true,run-heavy,true
2025,John Morton,DET,479,8,1,54.91,62.9,-8.0,-646.71,0.1067,46.35,5.87,8,479,-0.079976,0.012229,-0.104192,-0.056645,0.0,1.0,-8.0,1.22,-10.42,-5.66,true,run-heavy,false
2025,Todd Monken,BAL,952,17,1,52.63,61.07,-8.45,-879.21,0.0401,44.64,5.95,17,952,-0.084481,0.019168,-0.120444,-0.045885,0.0,1.0,-8.45,1.92,-12.04,-4.59,true,run-heavy,true
